timestamp,elapsed_ms,rss_kb,vsz_kb,footprint_kb,event
2026-05-27T01:12:01.622Z,339,790400,422591136,762342,
2026-05-27T01:12:01.846Z,562,939424,422679488,867504,
2026-05-27T01:12:02.091Z,807,1020256,422990208,916740,
2026-05-27T01:12:02.213Z,929,1027296,422992768,919220,compile:/.well-known/[...slug]
2026-05-27T01:12:02.336Z,1052,1044416,422992768,938980,
2026-05-27T01:12:02.381Z,1097,1046960,422992768,938980,compile:/.well-known/jwks
2026-05-27T01:12:02.450Z,1166,1047248,422992768,939268,compile:/.well-known/oauth-authorization-server
2026-05-27T01:12:02.518Z,1234,1048944,422992768,940964,compile:/.well-known/openid-configuration
2026-05-27T01:12:02.600Z,1316,1061904,422992832,1003652,
2026-05-27T01:12:02.856Z,1572,1153488,422992832,1055092,
2026-05-27T01:12:02.906Z,1622,1162944,422992832,1055092,compile:/.well-known/otel/metrics
2026-05-27T01:12:03.089Z,1805,1185520,422992832,1091908,
2026-05-27T01:12:03.189Z,1905,1211088,422993088,1103236,compile:/.well-known/vercel/flags
2026-05-27T01:12:03.349Z,2066,1261472,422993088,1190500,
2026-05-27T01:12:03.596Z,2312,1343520,422993088,1255028,
2026-05-27T01:12:03.867Z,2583,1440288,424075248,1340404,
2026-05-27T01:12:04.098Z,2814,1518480,424075248,1433668,
2026-05-27T01:12:04.391Z,3107,1667024,424075312,1563492,
2026-05-27T01:12:04.614Z,3330,1727312,424075312,1636693,
2026-05-27T01:12:04.858Z,3574,1824144,424075312,1729109,
2026-05-27T01:12:05.113Z,3829,1892816,424075312,1792229,
2026-05-27T01:12:05.365Z,4081,2001024,424075312,1914213,
2026-05-27T01:12:05.605Z,4321,2040144,424075312,1924245,
2026-05-27T01:12:05.858Z,4574,2042928,424075312,1926773,
2026-05-27T01:12:06.106Z,4822,2035856,424075312,1928693,
2026-05-27T01:12:06.355Z,5071,1999968,424075312,1928821,
2026-05-27T01:12:06.610Z,5326,1994016,424075312,1928821,
2026-05-27T01:12:06.849Z,5565,1989264,424075312,1928821,
2026-05-27T01:12:07.102Z,5818,1989264,424075312,1928821,
2026-05-27T01:12:07.353Z,6069,1989264,424075312,1928821,
2026-05-27T01:12:07.604Z,6320,1989264,424075312,1928805,
2026-05-27T01:12:07.858Z,6574,1986400,424075312,1928805,
2026-05-27T01:12:08.109Z,6825,1986400,424075312,1928805,
2026-05-27T01:12:08.366Z,7082,1986400,424075312,1928805,
2026-05-27T01:12:08.643Z,7359,1986400,424075312,1928805,
2026-05-27T01:12:08.868Z,7584,1986400,424075312,1928805,
2026-05-27T01:12:09.112Z,7828,1986400,424075312,1928805,
2026-05-27T01:12:09.362Z,8078,1986368,424074192,1928741,
2026-05-27T01:12:09.612Z,8328,1983840,424074192,1928741,
2026-05-27T01:12:09.865Z,8581,1983840,424074192,1928741,
2026-05-27T01:12:10.122Z,8838,1936944,424074192,1929333,
2026-05-27T01:12:10.370Z,9086,1844736,424074192,1929429,
2026-05-27T01:12:10.620Z,9336,1844432,424074192,1929541,
2026-05-27T01:12:10.873Z,9589,1844432,424074192,1929541,
2026-05-27T01:12:11.120Z,9836,1844432,424074192,1929541,
2026-05-27T01:12:11.522Z,10238,1865648,424074192,1971205,
2026-05-27T01:12:11.696Z,10412,1895936,424074192,2007621,
2026-05-27T01:12:11.873Z,10589,1944832,424074256,2026373,
2026-05-27T01:12:12.128Z,10844,1957808,424074256,2052085,
2026-05-27T01:12:12.384Z,11100,2069792,424074256,2155317,
2026-05-27T01:12:12.628Z,11344,2146272,424074256,2245269,
2026-05-27T01:12:12.905Z,11621,2258816,425122832,2381525,
2026-05-27T01:12:13.144Z,11860,2360496,425122896,2490101,
2026-05-27T01:12:13.376Z,12092,2415024,425122896,2542261,
2026-05-27T01:12:13.629Z,12345,2545344,425122896,2704981,
2026-05-27T01:12:13.886Z,12602,2656160,425122896,2803717,
2026-05-27T01:12:14.137Z,12853,2744528,425122896,2886757,
2026-05-27T01:12:14.402Z,13118,2786912,425122896,2932965,
2026-05-27T01:12:14.630Z,13346,2869904,425122960,3002118,
2026-05-27T01:12:14.889Z,13605,2927840,425122960,3072790,
2026-05-27T01:12:15.137Z,13853,2972304,425122960,3117974,
2026-05-27T01:12:15.379Z,14095,2987952,425122960,3122694,
2026-05-27T01:12:15.644Z,14360,3055872,425122960,3214246,
2026-05-27T01:12:15.895Z,14611,3145856,425122960,3269158,
2026-05-27T01:12:16.144Z,14860,3169216,425122960,3291670,
2026-05-27T01:12:16.397Z,15113,3212864,425122960,3341814,
2026-05-27T01:12:16.668Z,15384,3295616,426171536,3430182,
2026-05-27T01:12:16.903Z,15619,3326512,426171536,3460198,
2026-05-27T01:12:17.147Z,15863,3374448,426171536,3503526,
2026-05-27T01:12:17.392Z,16108,3410272,426171536,3533110,
2026-05-27T01:12:17.654Z,16370,3441312,426171600,3591926,
2026-05-27T01:12:17.903Z,16619,3525952,426171600,3643750,
2026-05-27T01:12:18.147Z,16863,3533392,426171600,3651094,
2026-05-27T01:12:18.397Z,17113,3604864,426171600,3725222,
2026-05-27T01:12:18.686Z,17402,3638304,426171600,3771702,
2026-05-27T01:12:19.183Z,17899,3684896,426171600,3839014,
2026-05-27T01:12:19.280Z,17996,3707008,426171600,3856518,
2026-05-27T01:12:19.523Z,18239,3732496,426171600,3883958,
2026-05-27T01:12:19.742Z,18458,3748720,426171600,3902310,
2026-05-27T01:12:19.792Z,18508,3755136,426171600,3902310,compile:/[teamSlug]
2026-05-27T01:12:19.990Z,18706,3780944,426171600,3929110,
2026-05-27T01:12:20.240Z,18956,3797072,426171600,3949174,
2026-05-27T01:12:20.491Z,19207,3810320,426171600,3959782,
2026-05-27T01:12:20.741Z,19457,3849632,426130496,4010934,
2026-05-27T01:12:20.999Z,19715,3885232,426130496,4029350,
2026-05-27T01:12:21.249Z,19965,3902512,426130496,4072758,
2026-05-27T01:12:21.490Z,20206,3953808,426130496,4109382,
2026-05-27T01:12:21.557Z,20273,3967552,426130496,4118678,compile:/[teamSlug]/[...catchAll]
2026-05-27T01:12:21.743Z,20459,3974752,426130496,4130966,
2026-05-27T01:12:22.013Z,20729,4043536,426130496,4206902,
2026-05-27T01:12:22.247Z,20963,4072528,426130496,4254326,
2026-05-27T01:12:22.504Z,21220,4112720,426130496,4325271,
2026-05-27T01:12:22.751Z,21467,4167328,428227648,4389575,
2026-05-27T01:12:23.000Z,21716,4202640,428227648,4431687,
2026-05-27T01:12:23.256Z,21972,4228592,428227648,4441303,
2026-05-27T01:12:23.504Z,22220,4252896,428227648,4506759,
2026-05-27T01:12:23.746Z,22462,4358880,428227712,4579863,
2026-05-27T01:12:23.998Z,22714,4389408,428227712,4613719,
2026-05-27T01:12:24.269Z,22985,4426784,428227712,4678199,
2026-05-27T01:12:24.501Z,23218,4453040,428227712,4691943,
2026-05-27T01:12:24.754Z,23470,4484400,428227712,4737063,
2026-05-27T01:12:25.003Z,23719,4589968,428227712,4830823,
2026-05-27T01:12:25.255Z,23971,4592176,428227712,4839255,
2026-05-27T01:12:25.508Z,24224,4610944,428227712,4887543,
2026-05-27T01:12:25.754Z,24470,4711280,428227712,4954055,
2026-05-27T01:12:26.032Z,24748,4723296,428227712,4987543,
2026-05-27T01:12:26.310Z,25026,4814512,428227776,5070903,
2026-05-27T01:12:26.516Z,25232,4827888,428227776,5070487,
2026-05-27T01:12:26.564Z,25280,4831072,428228496,5070487,compile:/[teamSlug]/[project]
2026-05-27T01:12:26.764Z,25480,4846416,428228496,5086023,
2026-05-27T01:12:27.020Z,25736,4862192,428228496,5114215,
2026-05-27T01:12:27.282Z,25998,4892032,428228496,5166343,
2026-05-27T01:12:27.521Z,26237,4973696,428228496,5224039,
2026-05-27T01:12:27.774Z,26490,5007584,428228496,5270727,
2026-05-27T01:12:28.016Z,26732,5069536,428228496,5318119,
2026-05-27T01:12:28.136Z,26852,5077088,428229072,5325527,compile:/[teamSlug]/[project]/[...catchAll]
2026-05-27T01:12:28.268Z,26984,5077248,428229072,5325511,
2026-05-27T01:12:28.517Z,27233,5076816,428229072,5325511,
2026-05-27T01:12:28.770Z,27486,5076816,428229072,5325511,
2026-05-27T01:12:29.020Z,27736,5076624,428229072,5325511,
2026-05-27T01:12:29.273Z,27989,5076624,428229072,5325511,
2026-05-27T01:12:29.538Z,28254,5076624,428229072,5325511,
2026-05-27T01:12:29.771Z,28487,5076624,428229072,5325511,
2026-05-27T01:12:30.025Z,28741,5076624,428229072,5325511,
2026-05-27T01:12:30.345Z,29061,5692224,428262160,6195896,
2026-05-27T01:12:30.586Z,29302,6244896,430425296,6560649,
2026-05-27T01:12:30.846Z,29562,6422768,430441840,6656825,
2026-05-27T01:12:31.081Z,29797,6523104,430441840,6747545,
2026-05-27T01:12:31.316Z,30032,6588192,430441840,6757401,
2026-05-27T01:12:31.538Z,30254,6618000,430441840,6792377,
2026-05-27T01:12:31.780Z,30496,6622864,430441840,6794729,
2026-05-27T01:12:32.111Z,30827,6624112,430455024,6795353,
2026-05-27T01:12:32.319Z,31035,6750560,431170528,6796185,
2026-05-27T01:12:32.537Z,31253,6947424,431170528,6797241,
2026-05-27T01:12:32.804Z,31520,6920992,430999856,6798825,
2026-05-27T01:12:33.047Z,31763,6789136,430825424,6799785,
2026-05-27T01:12:33.290Z,32006,6326976,430457376,5411433,
2026-05-27T01:12:33.536Z,32252,6327360,430457376,5373497,
2026-05-27T01:12:33.788Z,32504,6327360,430457376,5373497,
2026-05-27T01:12:34.039Z,32755,6327360,430457376,5373497,
2026-05-27T01:12:34.289Z,33005,6327392,430457376,5373497,
2026-05-27T01:12:34.541Z,33257,6327392,430457376,5373497,
2026-05-27T01:12:34.791Z,33507,6327392,430457376,5373497,
2026-05-27T01:12:35.041Z,33757,6327392,430457376,5373497,
2026-05-27T01:12:35.292Z,34008,6327392,430457376,5373497,
2026-05-27T01:12:35.543Z,34259,6327552,430457376,5373881,
2026-05-27T01:12:35.794Z,34510,6327552,430457376,5373881,
2026-05-27T01:12:36.044Z,34760,6327552,430457376,5373881,
2026-05-27T01:12:36.295Z,35011,6327552,430457376,5373881,
2026-05-27T01:12:36.546Z,35262,6327552,430457376,5373881,
2026-05-27T01:12:36.799Z,35515,6327552,430457376,5373881,
2026-05-27T01:12:37.050Z,35766,6327552,430457376,5373881,
2026-05-27T01:12:37.300Z,36016,6327552,430457376,5373881,
2026-05-27T01:12:37.554Z,36270,6327552,430457376,5373881,
2026-05-27T01:12:37.802Z,36518,6327552,430457376,5373881,
2026-05-27T01:12:38.055Z,36771,6327552,430457376,5373881,
2026-05-27T01:12:38.311Z,37027,6361600,430483760,5455529,
2026-05-27T01:12:38.558Z,37274,6378560,430483760,5587257,
2026-05-27T01:12:38.811Z,37527,6388240,430483760,5666969,
2026-05-27T01:12:39.060Z,37776,6389328,430483760,5679353,
2026-05-27T01:12:39.326Z,38042,6390384,430483760,5681401,
2026-05-27T01:12:39.565Z,38281,6392272,430483760,5686937,
2026-05-27T01:12:39.818Z,38534,6398064,430483760,5781721,
2026-05-27T01:12:40.064Z,38780,6402672,430483760,5806729,
2026-05-27T01:12:40.313Z,39029,6403904,430483760,5807097,
2026-05-27T01:12:40.574Z,39290,6409104,430483760,5884697,
2026-05-27T01:12:40.820Z,39536,6415984,430483760,5947017,
2026-05-27T01:12:41.069Z,39785,6416880,430483760,5957193,
2026-05-27T01:12:41.325Z,40041,6424720,430483760,6044905,
2026-05-27T01:12:41.577Z,40293,6439008,430483760,6092697,
2026-05-27T01:12:41.850Z,40566,6445728,430401360,6121737,
2026-05-27T01:12:42.047Z,40763,6457904,430385600,6172889,compile:/[teamSlug]/[project]/[id]
2026-05-27T01:12:42.099Z,40815,6458080,430385600,6172969,
2026-05-27T01:12:42.347Z,41063,6465424,430385600,6193161,
2026-05-27T01:12:42.612Z,41328,6347552,430385600,6225449,
2026-05-27T01:12:42.856Z,41572,6305584,430385600,6295977,
2026-05-27T01:12:43.105Z,41821,6251088,430385600,6367145,
2026-05-27T01:12:43.318Z,42034,6260832,430378208,6383401,compile:/[teamSlug]/[project]/[id]/aeo
2026-05-27T01:12:43.366Z,42082,6261568,430369968,6385849,
2026-05-27T01:12:43.615Z,42331,6265504,430369968,6428441,
2026-05-27T01:12:43.872Z,42588,6272800,430369968,6459753,
2026-05-27T01:12:44.121Z,42837,6300880,430369968,6540649,
2026-05-27T01:12:44.373Z,43089,6229472,430369968,6627545,
2026-05-27T01:12:44.624Z,43340,6191264,430370928,6646793,compile:/[teamSlug]/[project]/[id]/ci
2026-05-27T01:12:44.675Z,43391,6149936,430370928,6647913,
2026-05-27T01:12:44.922Z,43638,6157616,430370928,6686009,
2026-05-27T01:12:45.210Z,43926,6158464,430370928,6714505,
2026-05-27T01:12:45.424Z,44140,6219968,430370928,6775257,
2026-05-27T01:12:45.682Z,44398,6236720,430370928,6819369,
2026-05-27T01:12:45.933Z,44649,6268048,430372016,6859785,
2026-05-27T01:12:45.991Z,44707,6245600,430372016,6850345,compile:/[teamSlug]/[project]/[id]/ci/[invocationId]
2026-05-27T01:12:46.197Z,44913,6206432,430372016,6935897,
2026-05-27T01:12:46.427Z,45143,6253168,430372016,6968249,
2026-05-27T01:12:46.683Z,45399,6266960,430372016,7006025,
2026-05-27T01:12:46.945Z,45661,6305392,430372016,7049593,
2026-05-27T01:12:47.193Z,45909,6329056,430372016,7102937,
2026-05-27T01:12:47.433Z,46149,6372048,430372016,7143337,
2026-05-27T01:12:47.693Z,46409,6398032,430372016,7215833,
2026-05-27T01:12:48.002Z,46718,6439248,430372016,7270073,
2026-05-27T01:12:48.048Z,46764,6462560,430373504,7266281,compile:/[teamSlug]/[project]/[id]/logs
2026-05-27T01:12:48.184Z,46900,6486464,430373504,7292297,
2026-05-27T01:12:48.440Z,47156,6530528,430373504,7340730,
2026-05-27T01:12:48.697Z,47413,6565088,430373504,7412186,
2026-05-27T01:12:48.941Z,47657,6622256,430373504,7433914,
2026-05-27T01:12:49.187Z,47903,6697744,430373504,7499786,
2026-05-27T01:12:49.328Z,48044,6712896,430374832,7515546,compile:/[teamSlug]/[project]/[id]/og
2026-05-27T01:12:49.439Z,48155,6719696,430374832,7529482,
2026-05-27T01:12:49.698Z,48414,6756128,430374832,7568250,
2026-05-27T01:12:49.953Z,48669,6776448,430374832,7610106,
2026-05-27T01:12:50.193Z,48909,6813536,430374896,7674330,
2026-05-27T01:12:50.444Z,49160,6880272,430374896,7760474,
2026-05-27T01:12:50.627Z,49343,6913536,430376368,7783978,compile:/[teamSlug]/[project]/[id]/resources
2026-05-27T01:12:50.693Z,49409,6917024,430376368,7794698,
2026-05-27T01:12:50.944Z,49660,6953856,430376368,7828250,
2026-05-27T01:12:51.195Z,49911,6995296,430376368,7882426,
2026-05-27T01:12:51.447Z,50163,7064624,430376368,7936218,
2026-05-27T01:12:51.700Z,50416,7122528,430376368,8013322,
2026-05-27T01:12:51.792Z,50508,7135424,430377936,8025610,compile:/[teamSlug]/[project]/[id]/routes
2026-05-27T01:12:51.953Z,50669,7162752,430377936,8056730,
2026-05-27T01:12:52.206Z,50922,7201632,430377936,8089018,
2026-05-27T01:12:52.463Z,51179,6963712,430378000,8176330,
2026-05-27T01:12:52.702Z,51418,6967552,430378000,8193018,
2026-05-27T01:12:52.961Z,51677,7045168,430378000,8263211,
2026-05-27T01:12:53.019Z,51735,7062128,430379664,8271739,compile:/[teamSlug]/[project]/[id]/source
2026-05-27T01:12:53.204Z,51920,7111744,430379664,8304859,
2026-05-27T01:12:53.463Z,52179,7159136,430379664,8347419,
2026-05-27T01:12:53.706Z,52422,7299088,430379664,8443163,
2026-05-27T01:12:53.963Z,52679,7255904,432476816,8583835,
2026-05-27T01:12:54.209Z,52925,7210112,432476880,8645979,
2026-05-27T01:12:54.567Z,53283,7169136,432476880,8738251,
2026-05-27T01:12:54.710Z,53426,6578944,432476880,8743243,
2026-05-27T01:12:54.808Z,53524,6542080,432478736,8753019,compile:/[teamSlug]/[project]/agent
2026-05-27T01:12:55.015Z,53731,6545136,432478736,8746923,
2026-05-27T01:12:55.215Z,53931,6210416,432478736,8746987,
2026-05-27T01:12:55.477Z,54193,6121664,432478736,8746987,
2026-05-27T01:12:55.718Z,54434,6121664,432478736,8746987,
2026-05-27T01:12:55.983Z,54699,6121664,432478736,8746987,
2026-05-27T01:12:56.215Z,54931,6121664,432478736,8746987,
2026-05-27T01:12:56.500Z,55216,6121664,432478736,8746987,
2026-05-27T01:12:56.743Z,55459,6121664,432478736,8746987,
2026-05-27T01:12:57.096Z,55812,6342608,432478800,9167212,
2026-05-27T01:12:57.277Z,55993,6141504,432528304,9523420,
2026-05-27T01:12:57.557Z,56273,6881760,432577808,9877964,
2026-05-27T01:12:57.791Z,56507,7222432,432594288,10007628,
2026-05-27T01:12:58.030Z,56746,7428672,434691440,10058620,
2026-05-27T01:12:58.276Z,56992,7444352,434691440,10112748,
2026-05-27T01:12:58.521Z,57237,7598912,434691504,10177452,
2026-05-27T01:12:58.740Z,57456,7511968,434691504,10219932,
2026-05-27T01:12:58.980Z,57696,7567136,434691504,9439980,
2026-05-27T01:12:59.324Z,58040,7563888,434700416,9466669,
2026-05-27T01:12:59.481Z,58197,7423712,435470336,9466701,
2026-05-27T01:12:59.735Z,58451,7551664,435470336,9466717,
2026-05-27T01:12:59.985Z,58701,7691808,435470336,8858957,
2026-05-27T01:13:00.240Z,58956,7522928,435151872,8861101,
2026-05-27T01:13:00.485Z,59201,7381472,434986800,8861773,
2026-05-27T01:13:00.769Z,59485,6995488,434679584,8879917,
2026-05-27T01:13:00.985Z,59701,7165472,436513232,8879981,
2026-05-27T01:13:01.241Z,59957,7363296,436513232,8856909,
2026-05-27T01:13:01.487Z,60203,7541536,436513232,8856925,
2026-05-27T01:13:01.740Z,60456,7632832,436513232,8856941,
2026-05-27T01:13:01.988Z,60704,7695056,436513232,8857502,
2026-05-27T01:13:02.241Z,60957,7856512,436513232,8856638,
2026-05-27T01:13:02.496Z,61212,7730656,436378288,8858158,
2026-05-27T01:13:02.761Z,61477,7663824,436186080,8859550,
2026-05-27T01:13:02.995Z,61711,7664848,436186080,8861502,
2026-05-27T01:13:03.244Z,61960,7582016,436186080,8865550,
2026-05-27T01:13:03.492Z,62208,7718416,436186080,8869726,
2026-05-27T01:13:03.754Z,62470,7201920,435565936,8853757,
2026-05-27T01:13:04.031Z,62747,6314896,434684560,8854476,
2026-05-27T01:13:04.245Z,62961,6383088,436079680,8854973,
2026-05-27T01:13:04.495Z,63211,6505376,436079680,8855021,
2026-05-27T01:13:04.746Z,63462,6625152,436079680,8831085,
2026-05-27T01:13:05.004Z,63720,6993040,436120640,8902973,
2026-05-27T01:13:05.253Z,63969,7009232,435747840,8927149,
2026-05-27T01:13:05.509Z,64225,7223104,435747840,8949837,
2026-05-27T01:13:05.754Z,64470,7461872,435747840,9052285,
2026-05-27T01:13:06.006Z,64722,7563376,435747840,9055005,
2026-05-27T01:13:06.249Z,64965,7747216,435747840,9151325,
2026-05-27T01:13:06.386Z,65102,7816624,435749888,9180077,compile:/[teamSlug]/[project]/agent/automations
2026-05-27T01:13:06.499Z,65215,7870064,435749888,9211613,
2026-05-27T01:13:06.753Z,65469,7668432,435505056,9240141,
2026-05-27T01:13:07.010Z,65726,7783472,435505056,9288637,
2026-05-27T01:13:07.251Z,65967,7007824,434725680,9350013,
2026-05-27T01:13:07.501Z,66217,7017200,434725680,9451469,
2026-05-27T01:13:07.651Z,66367,7025296,434727904,9467757,compile:/[teamSlug]/[project]/agent/automations/[automationId]
2026-05-27T01:13:07.755Z,66471,7047696,434727904,9478365,
2026-05-27T01:13:08.006Z,66722,7068976,434727904,9536893,
2026-05-27T01:13:08.262Z,66978,7078688,434727904,9631581,
2026-05-27T01:13:08.507Z,67223,7087088,434727904,9687917,
2026-05-27T01:13:08.766Z,67482,7097712,434727904,9782781,
2026-05-27T01:13:08.817Z,67533,7107040,434730240,9792733,compile:/[teamSlug]/[project]/agent/chat
2026-05-27T01:13:09.011Z,67727,7113136,434680800,9806221,
2026-05-27T01:13:09.259Z,67975,7120960,434656080,9838845,
2026-05-27T01:13:09.521Z,68237,7158000,434656080,9917853,
2026-05-27T01:13:09.759Z,68475,7189168,434656080,10047165,
2026-05-27T01:13:09.861Z,68577,7197136,434658544,10052669,compile:/[teamSlug]/[project]/agent/chat/[chatId]
2026-05-27T01:13:10.013Z,68729,7199104,434658544,10072365,
2026-05-27T01:13:10.263Z,68979,7218512,434658544,10092205,
2026-05-27T01:13:10.518Z,69234,7289728,434650304,10195485,
2026-05-27T01:13:10.768Z,69484,7303424,434642064,10257293,
2026-05-27T01:13:10.984Z,69701,7349536,434644688,10302237,compile:/[teamSlug]/[project]/agent/recipes
2026-05-27T01:13:11.027Z,69743,7350608,434644688,10305485,
2026-05-27T01:13:11.281Z,69997,7382944,434644688,10348701,
2026-05-27T01:13:11.537Z,70253,7443104,434644688,10453069,
2026-05-27T01:13:11.781Z,70497,7490496,434644688,10457149,
2026-05-27T01:13:12.036Z,70752,7564848,434644688,10565933,
2026-05-27T01:13:12.101Z,70817,7581744,434647728,10575053,compile:/[teamSlug]/[project]/agent/recipes/[automationId]
2026-05-27T01:13:12.282Z,70998,7612992,434647728,10599341,
2026-05-27T01:13:12.536Z,71252,7655248,434647728,10637613,
2026-05-27T01:13:12.791Z,71507,7766448,434647728,10747981,
2026-05-27T01:13:13.043Z,71759,7785280,434647728,10749500,
2026-05-27T01:13:13.296Z,72012,7953264,434618320,10818172,
2026-05-27T01:13:13.368Z,72084,7967152,434621312,10823884,compile:/[teamSlug]/[project]/agent/tasks
2026-05-27T01:13:13.546Z,72262,8005168,434621312,10851180,
2026-05-27T01:13:13.793Z,72509,8056128,434621312,10891292,
2026-05-27T01:13:14.048Z,72764,8125328,434613072,10987836,
2026-05-27T01:13:14.296Z,73012,8181888,434613072,11007484,
2026-05-27T01:13:14.546Z,73262,8275376,434613072,11101212,
2026-05-27T01:13:14.655Z,73371,8300032,434616272,11119341,compile:/[teamSlug]/[project]/agent/usage
2026-05-27T01:13:14.800Z,73516,8352192,434616272,11163853,
2026-05-27T01:13:15.051Z,73767,8454832,434616272,11212941,
2026-05-27T01:13:15.296Z,74012,8505312,434616272,11259661,
2026-05-27T01:13:15.558Z,74274,8528032,434616272,11308909,
2026-05-27T01:13:15.800Z,74516,8399184,434616272,11424557,
2026-05-27T01:13:16.058Z,74774,8431616,434616272,11448653,
2026-05-27T01:13:16.295Z,75011,8282000,434616272,11545149,
2026-05-27T01:13:16.556Z,75272,8123024,434616336,11599325,
2026-05-27T01:13:16.600Z,75316,8034448,434619760,11599325,compile:/[teamSlug]/[project]/ai-gateway
2026-05-27T01:13:16.804Z,75520,7839808,434619760,11620813,
2026-05-27T01:13:17.053Z,75769,7853104,434619760,11654029,
2026-05-27T01:13:17.326Z,76042,7894544,434603280,11751773,
2026-05-27T01:13:17.557Z,76273,7881808,434603280,11772717,
2026-05-27T01:13:17.813Z,76529,7908928,434603280,11865037,
2026-05-27T01:13:18.036Z,76752,7905808,434606928,11888109,compile:/[teamSlug]/[project]/ai-gateway/api-keys
2026-05-27T01:13:18.082Z,76798,7903440,434606928,11888109,
2026-05-27T01:13:18.331Z,77047,7708080,434606928,11887437,
2026-05-27T01:13:18.593Z,77309,7599392,434606928,11886877,
2026-05-27T01:13:18.846Z,77562,7449728,434606928,11886797,
2026-05-27T01:13:19.091Z,77807,7415520,434606928,11886701,
2026-05-27T01:13:19.347Z,78063,7396720,434606928,11886701,
2026-05-27T01:13:19.589Z,78305,7396224,434606928,11886701,
2026-05-27T01:13:19.870Z,78586,7388464,434606928,11886701,
2026-05-27T01:13:20.190Z,78906,7707440,434606992,12272222,
2026-05-27T01:13:20.438Z,79154,7727680,438859104,12672798,
2026-05-27T01:13:20.662Z,79378,7943008,438908608,12938958,
2026-05-27T01:13:20.948Z,79664,7840848,438916896,13013582,
2026-05-27T01:13:21.139Z,79855,7947744,438916848,13106271,
2026-05-27T01:13:22.367Z,81083,8395376,438916912,13338271,
2026-05-27T01:13:22.832Z,81548,8235808,438916912,13357599,
2026-05-27T01:13:22.954Z,81670,8079280,438916912,13383247,
2026-05-27T01:13:23.192Z,81908,8229952,438916912,13443359,
2026-05-27T01:13:23.411Z,82127,8343520,438916912,13503407,
2026-05-27T01:13:23.653Z,82369,8410656,438916912,13526063,
2026-05-27T01:13:24.108Z,82824,8421456,438926112,12812192,
2026-05-27T01:13:24.153Z,82869,8408592,439970864,12812192,
2026-05-27T01:13:24.404Z,83120,8564944,439970864,12812320,
2026-05-27T01:13:24.669Z,83385,8561200,439970864,12813120,
2026-05-27T01:13:24.915Z,83631,8364480,439970864,12813152,
2026-05-27T01:13:25.160Z,83876,8478048,439970864,12813216,
2026-05-27T01:13:25.416Z,84132,8513136,439970864,12813312,
2026-05-27T01:13:25.666Z,84382,8352704,439677760,12813408,
2026-05-27T01:13:25.909Z,84625,7929520,439370112,12813471,
2026-05-27T01:13:26.160Z,84876,7525008,440955200,12813599,
2026-05-27T01:13:26.411Z,85127,7667440,440955200,12813648,
2026-05-27T01:13:26.663Z,85379,7826368,440955200,12813712,
2026-05-27T01:13:26.914Z,85630,7985808,440955200,12813776,
2026-05-27T01:13:27.164Z,85880,8154416,440955200,12813840,
2026-05-27T01:13:27.427Z,86143,8300432,440955200,12813904,
2026-05-27T01:13:27.664Z,86380,8438224,440955200,12813984,
2026-05-27T01:13:27.919Z,86635,8590096,440955200,12814032,
2026-05-27T01:13:28.175Z,86891,8644064,440976800,12814464,
2026-05-27T01:13:28.420Z,87136,8671440,441015712,12814960,
2026-05-27T01:13:28.683Z,87399,8661552,441015712,12814208,
2026-05-27T01:13:28.932Z,87648,8659728,441015712,12814384,
2026-05-27T01:13:29.178Z,87894,8589696,440708896,12817840,
2026-05-27T01:13:29.431Z,88147,8283552,440708896,12817920,
2026-05-27T01:13:29.690Z,88406,7794528,440471216,12818208,
2026-05-27T01:13:29.926Z,88642,7399312,440067920,12821056,
2026-05-27T01:13:30.057Z,88773,7483904,440071808,12824864,compile:/[teamSlug]/[project]/ai-gateway/byok
2026-05-27T01:13:30.188Z,88904,7526080,440071808,12827328,
2026-05-27T01:13:30.432Z,89148,6965408,439446160,12884895,
2026-05-27T01:13:30.674Z,89390,6504736,438948784,12996895,
2026-05-27T01:13:30.928Z,89644,6533488,438948784,12707391,
2026-05-27T01:13:31.174Z,89890,6568784,438948784,12745199,
2026-05-27T01:13:31.430Z,90146,6636704,438948784,12859407,
2026-05-27T01:13:31.677Z,90393,6671952,438948784,12862911,
2026-05-27T01:13:31.931Z,90647,6742736,438948784,12986223,
2026-05-27T01:13:32.180Z,90896,6769712,438948784,13000159,
2026-05-27T01:13:32.432Z,91148,6782736,438948784,13022383,
2026-05-27T01:13:32.680Z,91396,6843632,438948784,13117039,
2026-05-27T01:13:32.953Z,91669,6903776,438948784,13208815,
2026-05-27T01:13:33.145Z,91862,7154624,438953536,13669423,compile:/[teamSlug]/[project]/ai-gateway/leaderboards
2026-05-27T01:13:33.233Z,91949,7509552,438953536,14087439,
2026-05-27T01:13:33.529Z,92245,8110576,438953856,14513232,
2026-05-27T01:13:33.705Z,92421,7979728,438953856,14549600,
2026-05-27T01:13:33.955Z,92671,7821104,438953856,14555536,
2026-05-27T01:13:34.199Z,92915,7835472,438961072,14556752,
2026-05-27T01:13:34.452Z,93168,7671488,438961072,13460576,
2026-05-27T01:13:34.704Z,93420,7495344,438961072,13473776,
2026-05-27T01:13:34.951Z,93667,7398432,438961072,13561504,
2026-05-27T01:13:35.130Z,93846,7314832,438965824,13581264,compile:/[teamSlug]/[project]/ai-gateway/model-list
2026-05-27T01:13:35.200Z,93916,7307856,438965824,13583568,
2026-05-27T01:13:35.452Z,94168,7245536,438965824,13619408,
2026-05-27T01:13:35.704Z,94420,7287184,438965824,13636752,
2026-05-27T01:13:35.956Z,94672,7396528,438965824,13753360,
2026-05-27T01:13:36.207Z,94923,7410512,438965824,13771216,
2026-05-27T01:13:36.462Z,95178,7429312,438965824,13865040,
2026-05-27T01:13:36.552Z,95268,7414320,438971456,13879280,compile:/[teamSlug]/[project]/ai-gateway/models
2026-05-27T01:13:36.712Z,95428,7368704,438971456,13895760,
2026-05-27T01:13:36.958Z,95674,7292768,438971456,13921424,
2026-05-27T01:13:37.204Z,95920,7287056,438971456,13940976,
2026-05-27T01:13:37.468Z,96184,7323360,438971456,14061696,
2026-05-27T01:13:37.712Z,96428,7239008,438971456,14098976,
2026-05-27T01:13:37.962Z,96678,7233328,438971456,14117840,
2026-05-27T01:13:38.212Z,96928,7342224,438971456,14200656,
2026-05-27T01:13:38.363Z,97079,7402624,438977408,14259409,compile:/[teamSlug]/[project]/ai-gateway/models/[modelName]
2026-05-27T01:13:38.470Z,97186,7434544,438977408,14292161,
2026-05-27T01:13:38.715Z,97431,7489936,438977408,14324193,
2026-05-27T01:13:38.969Z,97685,7540720,438977408,14361617,
2026-05-27T01:13:39.221Z,97937,7656896,438977408,14466577,
2026-05-27T01:13:39.480Z,98196,7663488,438977408,14491457,
2026-05-27T01:13:39.735Z,98451,7445600,438977408,14584913,
2026-05-27T01:13:39.928Z,98644,7303152,438945872,14569232,compile:/[teamSlug]/[project]/ai-gateway/playground
2026-05-27T01:13:39.971Z,98687,7303728,438945872,14570528,
2026-05-27T01:13:40.222Z,98938,7347744,438945872,14597808,
2026-05-27T01:13:40.475Z,99191,7425008,438945872,14645744,
2026-05-27T01:13:40.728Z,99444,7406464,438945872,14748816,
2026-05-27T01:13:40.977Z,99693,7421904,438945872,14792496,
2026-05-27T01:13:41.234Z,99950,7530112,438945872,14875040,
2026-05-27T01:13:41.280Z,99996,7537728,438952144,14875168,compile:/[teamSlug]/[project]/ai-gateway/playground/[conversationId]
2026-05-27T01:13:41.477Z,100193,7515440,438952144,14897408,
2026-05-27T01:13:41.736Z,100452,7505904,438952144,14942704,
2026-05-27T01:13:41.979Z,100695,7583456,438952144,15055232,
2026-05-27T01:13:42.231Z,100947,7605424,438952144,15072480,
2026-05-27T01:13:42.486Z,101202,7662720,438952144,15160976,
2026-05-27T01:13:42.704Z,101420,7680464,438958656,15185121,compile:/[teamSlug]/[project]/ai-gateway/quick-start
2026-05-27T01:13:42.751Z,101467,7643968,438958656,15178993,
2026-05-27T01:13:42.999Z,101715,7619328,438958656,15226289,
2026-05-27T01:13:43.257Z,101973,7684896,438958656,15322945,
2026-05-27T01:13:43.505Z,102221,7761120,438958656,15408481,
2026-05-27T01:13:43.762Z,102478,7832864,438950416,15472753,
2026-05-27T01:13:43.997Z,102713,7909392,438874848,15495585,compile:/[teamSlug]/[project]/ai-gateway/templates
2026-05-27T01:13:44.053Z,102769,7910592,438858368,15496609,
2026-05-27T01:13:44.297Z,103013,8026080,438850128,15519169,
2026-05-27T01:13:44.544Z,103260,8046784,438850128,15534289,
2026-05-27T01:13:44.801Z,103517,8112192,438850128,15554721,
2026-05-27T01:13:45.044Z,103760,8121680,438850128,15632465,
2026-05-27T01:13:45.298Z,104014,8139040,438850128,15647633,
2026-05-27T01:13:45.544Z,104260,8146688,438850128,15731857,
2026-05-27T01:13:45.753Z,104469,8142960,438857104,15773969,compile:/[teamSlug]/[project]/analytics
2026-05-27T01:13:45.797Z,104513,8125008,438857104,15773969,
2026-05-27T01:13:46.053Z,104769,8118960,438857104,15773969,
2026-05-27T01:13:46.301Z,105017,8118960,438857104,15773969,
2026-05-27T01:13:46.568Z,105284,8118960,438857104,15773969,
2026-05-27T01:13:46.805Z,105521,8118960,438857104,15773969,
2026-05-27T01:13:47.064Z,105780,8118960,438857104,15773969,
2026-05-27T01:13:47.317Z,106033,8118960,438857104,15773969,
2026-05-27T01:13:47.581Z,106297,8118960,438857104,15773969,
2026-05-27T01:13:47.904Z,106620,8294640,438857104,16020961,
2026-05-27T01:13:48.142Z,106858,8733712,443117392,16596257,
2026-05-27T01:13:48.363Z,107079,8788608,443158656,16818802,
2026-05-27T01:13:48.627Z,107343,8915776,443158656,17004690,
2026-05-27T01:13:48.858Z,107574,9146768,443158720,17138130,
2026-05-27T01:13:49.088Z,107804,9240880,443166960,17100930,
2026-05-27T01:13:49.318Z,108034,9269056,443166960,17169346,
2026-05-27T01:13:49.573Z,108289,9304800,443166960,17178018,
2026-05-27T01:13:49.937Z,108653,9315664,443174912,17179459,
2026-05-27T01:13:50.068Z,108784,9355600,444320432,15861091,
2026-05-27T01:13:50.324Z,109040,9414288,444320432,15861603,
2026-05-27T01:13:50.568Z,109284,9462288,444320432,15862179,
2026-05-27T01:13:50.821Z,109537,9500880,444168608,15864803,
2026-05-27T01:13:51.071Z,109787,9301392,443855024,15866675,
2026-05-27T01:13:51.321Z,110037,9342656,443855024,15867779,
2026-05-27T01:13:51.581Z,110297,9396128,443855024,15868931,
2026-05-27T01:13:51.824Z,110540,9447216,443855024,15868963,
2026-05-27T01:13:52.074Z,110790,9206960,443548784,15877970,
2026-05-27T01:13:52.324Z,111040,8854880,444845536,15888355,
2026-05-27T01:13:52.571Z,111287,9024672,444845536,15888387,
2026-05-27T01:13:52.825Z,111541,9202000,444845536,15888403,
2026-05-27T01:13:53.079Z,111795,9364544,444845536,15850739,
2026-05-27T01:13:53.325Z,112041,9534176,444845536,15850771,
2026-05-27T01:13:53.592Z,112308,9711232,444845536,15851491,
2026-05-27T01:13:53.834Z,112550,9645088,444696192,15853075,
2026-05-27T01:13:54.077Z,112793,9429776,444374352,15855011,
2026-05-27T01:13:54.333Z,113049,9317696,444374352,15830979,
2026-05-27T01:13:54.586Z,113302,9327152,444374352,15842035,
2026-05-27T01:13:54.834Z,113550,9293200,444374352,15842051,
2026-05-27T01:13:55.117Z,113833,7853728,443120672,15841970,
2026-05-27T01:13:55.336Z,114052,7943632,445411472,15862259,
2026-05-27T01:13:55.588Z,114304,8109712,445411472,15862467,
2026-05-27T01:13:55.835Z,114551,8293280,445419792,15858627,
2026-05-27T01:13:56.088Z,114804,8806928,445492528,15908931,
2026-05-27T01:13:56.338Z,115054,9048736,445492528,15954707,
2026-05-27T01:13:56.591Z,115307,9257056,445492528,16039171,
2026-05-27T01:13:56.837Z,115553,9455472,445492528,16125795,
2026-05-27T01:13:57.097Z,115813,9634320,445492528,16183011,
2026-05-27T01:13:57.143Z,115859,9691216,445499616,16183011,compile:/[teamSlug]/[project]/blackbox
2026-05-27T01:13:57.343Z,116059,9850640,445499616,16223011,
2026-05-27T01:13:57.600Z,116316,9214000,445013040,16253187,
2026-05-27T01:13:57.875Z,116591,8861952,445013040,16282499,
2026-05-27T01:13:58.124Z,116840,8361264,445013040,16391187,
2026-05-27T01:13:58.348Z,117064,7913088,445013040,16395219,
2026-05-27T01:13:58.612Z,117328,7235984,444520080,16451619,
2026-05-27T01:13:58.860Z,117576,7098432,444520080,16498323,
2026-05-27T01:13:58.985Z,117701,7093488,444489552,16473091,compile:/[teamSlug]/[project]/cdn
2026-05-27T01:13:59.111Z,117827,7233008,444480112,16488083,
2026-05-27T01:13:59.349Z,118065,6546000,443868608,16526914,
2026-05-27T01:13:59.607Z,118323,6280608,443422880,16602882,
2026-05-27T01:13:59.848Z,118564,6072208,443089536,16621810,
2026-05-27T01:14:00.101Z,118817,6115152,443089536,16676338,
2026-05-27T01:14:00.335Z,119051,6201280,443096864,16718754,compile:/[teamSlug]/[project]/cdn/caches
2026-05-27T01:14:00.381Z,119097,6202096,443096864,16724114,
2026-05-27T01:14:00.636Z,119352,6676896,443096864,16750866,
2026-05-27T01:14:00.879Z,119595,6910208,443096864,16808866,
2026-05-27T01:14:01.134Z,119850,7242528,443088624,17076626,
2026-05-27T01:14:01.383Z,120099,7507360,443088624,17202146,
2026-05-27T01:14:01.635Z,120351,7599680,443088624,17249394,
2026-05-27T01:14:01.881Z,120597,7710736,443088624,17364034,
2026-05-27T01:14:02.066Z,120782,7730128,443088752,17374818,compile:/[teamSlug]/[project]/cdn/caches/history
2026-05-27T01:14:02.139Z,120855,7742688,443080512,17384226,
2026-05-27T01:14:02.387Z,121103,7835472,443080512,17425650,
2026-05-27T01:14:02.639Z,121355,7903984,443080512,17470034,
2026-05-27T01:14:02.954Z,121670,7985728,443080512,17553378,
2026-05-27T01:14:03.145Z,121861,7994208,443080512,17560930,
2026-05-27T01:14:03.396Z,122112,8089568,443080512,17657570,
2026-05-27T01:14:03.487Z,122203,8114768,443083088,17673666,compile:/[teamSlug]/[project]/cdn/redirects
2026-05-27T01:14:03.645Z,122361,8139328,443083088,17699314,
2026-05-27T01:14:03.898Z,122614,8184864,443083088,17744898,
2026-05-27T01:14:04.143Z,122859,8289216,443083152,17841442,
2026-05-27T01:14:04.404Z,123120,8347520,443083152,17930914,
2026-05-27T01:14:04.652Z,123368,8441984,443088800,17937522,
2026-05-27T01:14:04.695Z,123411,8427088,443073344,17937746,compile:/[teamSlug]/[project]/cdn/redirects/(.)clear
2026-05-27T01:14:04.898Z,123614,8450096,443073344,17965122,
2026-05-27T01:14:05.150Z,123866,8494896,443065104,18007890,
2026-05-27T01:14:05.401Z,124117,8593920,443065104,18104642,
2026-05-27T01:14:05.653Z,124369,8630192,443065104,18178002,
2026-05-27T01:14:05.901Z,124617,8714384,443067680,18225363,
2026-05-27T01:14:05.949Z,124665,8723488,443072992,18225363,compile:/[teamSlug]/[project]/cdn/redirects/(.)delete
2026-05-27T01:14:06.147Z,124863,8190288,443072992,18252339,
2026-05-27T01:14:06.404Z,125120,8143232,443073056,18307507,
2026-05-27T01:14:06.659Z,125375,8073280,443073056,18394611,
2026-05-27T01:14:06.916Z,125632,8066752,443073056,18445555,
2026-05-27T01:14:07.160Z,125876,8149408,443073056,18499427,
2026-05-27T01:14:07.223Z,125939,8178016,443081088,18520387,compile:/[teamSlug]/[project]/cdn/redirects/(.)edit
2026-05-27T01:14:07.404Z,126120,8199808,443081088,18542627,
2026-05-27T01:14:07.657Z,126373,8244144,443081088,18582323,
2026-05-27T01:14:07.907Z,126623,8321264,443081088,18679171,
2026-05-27T01:14:08.160Z,126876,8333920,443081088,18700195,
2026-05-27T01:14:08.417Z,127133,8356976,443081152,18798371,
2026-05-27T01:14:08.469Z,127185,8341120,443073392,18790819,compile:/[teamSlug]/[project]/cdn/redirects/(.)history
2026-05-27T01:14:08.660Z,127376,8352512,443073392,18819795,
2026-05-27T01:14:08.957Z,127673,8197456,443073392,18862755,
2026-05-27T01:14:09.163Z,127879,7596144,443073392,18957651,
2026-05-27T01:14:09.421Z,128137,7581344,443073392,19003523,
2026-05-27T01:14:09.683Z,128399,7545808,443065152,19076595,
2026-05-27T01:14:09.881Z,128597,7412320,443065216,19082803,compile:/[teamSlug]/[project]/cdn/redirects/(.)history/[versionId]
2026-05-27T01:14:09.925Z,128641,7405328,443065216,19082803,
2026-05-27T01:14:10.174Z,128890,7331136,443065216,19082803,
2026-05-27T01:14:10.527Z,129243,7320304,443065216,19082803,
2026-05-27T01:14:10.679Z,129395,7298880,443065216,19082803,
2026-05-27T01:14:10.946Z,129662,7242720,443065216,19082803,
2026-05-27T01:14:11.188Z,129904,7141344,443065216,19082803,
2026-05-27T01:14:11.430Z,130146,7123920,443065216,19082803,
2026-05-27T01:14:11.679Z,130395,7123840,443065216,19082803,
2026-05-27T01:14:12.035Z,130751,7826528,443065216,19352548,
2026-05-27T01:14:12.239Z,130955,8150336,443098304,19809524,
2026-05-27T01:14:12.538Z,131254,8237584,447366832,20128356,
2026-05-27T01:14:12.735Z,131451,8598224,447375072,20279508,
2026-05-27T01:14:12.988Z,131704,8664752,447375072,20370388,
2026-05-27T01:14:13.256Z,131972,8773600,447375072,20451125,
2026-05-27T01:14:13.482Z,132198,9009728,447375136,20503781,
2026-05-27T01:14:13.719Z,132435,9182688,447375136,20244885,
2026-05-27T01:14:13.955Z,132671,8863776,447375136,20272053,
2026-05-27T01:14:14.273Z,132989,8764144,447383616,20274309,
2026-05-27T01:14:14.461Z,133177,8733776,448413584,20274341,
2026-05-27T01:14:14.698Z,133414,8851904,448413584,19204101,
2026-05-27T01:14:14.949Z,133665,8702736,448413584,19204789,
2026-05-27T01:14:15.200Z,133916,8647536,448266896,19169381,
2026-05-27T01:14:15.450Z,134166,8640352,448258688,19169445,
2026-05-27T01:14:15.707Z,134423,8717872,448258688,19169525,
2026-05-27T01:14:15.959Z,134675,8358960,447781952,19172005,
2026-05-27T01:14:16.199Z,134915,8332000,447781952,19151013,
2026-05-27T01:14:16.450Z,135166,7858240,449773792,19181029,
2026-05-27T01:14:16.701Z,135417,8025296,449773792,19181125,
2026-05-27T01:14:16.953Z,135669,8204928,449773792,19181157,
2026-05-27T01:14:17.205Z,135921,8394784,449773792,19181270,
2026-05-27T01:14:17.459Z,136175,8569584,449773792,19156678,
2026-05-27T01:14:17.723Z,136439,8735104,449773792,19157254,
2026-05-27T01:14:17.958Z,136674,8691440,449773792,19157350,
2026-05-27T01:14:18.218Z,136934,8862112,449773792,19157366,
2026-05-27T01:14:18.455Z,137171,8947520,449773792,19157446,
2026-05-27T01:14:18.705Z,137421,9022448,449773792,19159766,
2026-05-27T01:14:18.979Z,137695,9135360,449773792,19165430,
2026-05-27T01:14:19.212Z,137928,9188368,449773792,19162534,
2026-05-27T01:14:19.466Z,138183,9132304,449773792,19162550,
2026-05-27T01:14:19.724Z,138440,9037984,449527616,19162390,
2026-05-27T01:14:19.968Z,138684,8589952,449223200,19162390,
2026-05-27T01:14:20.211Z,138927,8178320,448859728,19149446,
2026-05-27T01:14:20.466Z,139182,7801888,448477152,19150918,
2026-05-27T01:14:20.715Z,139431,7398944,448053168,19151813,
2026-05-27T01:14:20.972Z,139688,7211664,447813536,19151685,
2026-05-27T01:14:21.242Z,139958,6614176,447298960,19158645,
2026-05-27T01:14:21.469Z,140185,6666992,447719632,19128709,
2026-05-27T01:14:21.719Z,140435,6754320,447719632,19128885,
2026-05-27T01:14:21.969Z,140685,6830768,447719632,19128933,
2026-05-27T01:14:22.221Z,140937,6909760,447719632,19131797,
2026-05-27T01:14:22.471Z,141187,6991200,447719632,19131813,
2026-05-27T01:14:22.732Z,141448,6614224,447296720,19112085,
2026-05-27T01:14:22.999Z,141715,6614224,447296720,19112085,
2026-05-27T01:14:23.240Z,141956,6614224,447296720,19112085,
2026-05-27T01:14:23.498Z,142214,6614224,447296720,19112085,
2026-05-27T01:14:23.756Z,142472,6614224,447296720,19112085,
2026-05-27T01:14:23.993Z,142709,6614400,447272000,19112021,
2026-05-27T01:14:24.253Z,142969,6615824,447214320,19111685,
2026-05-27T01:14:24.507Z,143223,6615824,447214320,19111685,
2026-05-27T01:14:24.732Z,143448,6615968,447214320,19111685,
2026-05-27T01:14:25.000Z,143716,6615968,447214320,19111685,
2026-05-27T01:14:25.255Z,143971,6615968,447214320,19111685,
2026-05-27T01:14:25.510Z,144226,6615968,447214320,19111685,
2026-05-27T01:14:25.746Z,144462,6615968,447214320,19111685,
2026-05-27T01:14:25.985Z,144701,6615968,447214320,19111685,
2026-05-27T01:14:26.251Z,144967,6615968,447214320,19111685,
2026-05-27T01:14:26.507Z,145223,6615952,447206080,19052293,
2026-05-27T01:14:26.776Z,145492,6615952,447206080,19052293,
2026-05-27T01:14:26.987Z,145703,6615952,447206080,19052293,
2026-05-27T01:14:27.242Z,145958,6615952,447206080,19052293,
2026-05-27T01:14:27.488Z,146204,6615952,447206080,19052293,
2026-05-27T01:14:27.741Z,146457,6615952,447206080,19052293,
2026-05-27T01:14:28.002Z,146718,6615952,447206080,19052293,
2026-05-27T01:14:28.273Z,146989,6615952,447206080,19052293,
2026-05-27T01:14:28.524Z,147240,6615952,447206080,19052293,
2026-05-27T01:14:28.775Z,147491,6615952,447206080,19052293,
2026-05-27T01:14:29.009Z,147725,6615952,447206080,19052293,
2026-05-27T01:14:29.269Z,147985,6615952,447206080,19052293,
2026-05-27T01:14:29.520Z,148236,6615952,447206080,19052293,
2026-05-27T01:14:29.782Z,148498,6616256,447206080,19052293,
2026-05-27T01:14:30.026Z,148742,6616272,447206080,19052293,
2026-05-27T01:14:30.268Z,148984,6616272,447206080,19052293,
2026-05-27T01:14:30.521Z,149237,6616272,447206080,19052293,
2026-05-27T01:14:30.777Z,149493,6616272,447206080,19052293,
2026-05-27T01:14:31.038Z,149754,6616272,447206080,19052293,
2026-05-27T01:14:31.275Z,149991,6616272,447197840,19052197,
2026-05-27T01:14:31.526Z,150242,6616272,447197840,19052197,
2026-05-27T01:14:31.773Z,150489,6616272,447197840,19052197,
2026-05-27T01:14:32.022Z,150739,6616304,447197840,19052197,
2026-05-27T01:14:32.262Z,150978,6616304,447197840,19052197,
2026-05-27T01:14:32.513Z,151229,6616304,447197840,19052197,
2026-05-27T01:14:32.765Z,151481,6616896,447181360,19050981,
2026-05-27T01:14:33.042Z,151758,6616896,447181360,19050981,
2026-05-27T01:14:33.281Z,151997,6616896,447181360,19050981,
2026-05-27T01:14:33.552Z,152268,6616896,447181360,19050981,
2026-05-27T01:14:33.810Z,152526,6616896,447181360,19050981,
2026-05-27T01:14:34.032Z,152748,6616896,447181360,19050981,
2026-05-27T01:14:34.303Z,153019,6616896,447181360,19050981,
2026-05-27T01:14:34.546Z,153262,6616896,447181360,19050981,
2026-05-27T01:14:34.803Z,153519,6616896,447181360,19050981,
2026-05-27T01:14:35.038Z,153754,6616896,447181360,19050981,
2026-05-27T01:14:35.302Z,154018,6616896,447181360,19050981,
2026-05-27T01:14:35.569Z,154285,6616896,447181360,19050981,
2026-05-27T01:14:35.799Z,154515,6616896,447181360,19050981,
2026-05-27T01:14:36.049Z,154765,6616896,447181360,19050981,
2026-05-27T01:14:36.311Z,155027,6616896,447181360,19050981,
2026-05-27T01:14:36.562Z,155278,6616896,447181360,19050981,
2026-05-27T01:14:36.811Z,155527,6616896,447181360,19050981,
2026-05-27T01:14:37.047Z,155763,6616896,447181360,19050981,
2026-05-27T01:14:37.299Z,156015,6616896,447181360,19050981,
2026-05-27T01:14:37.549Z,156265,6616896,447181360,19050981,
2026-05-27T01:14:37.790Z,156506,6616896,447181360,19050981,
2026-05-27T01:14:38.113Z,156829,6616896,447181360,19050981,
2026-05-27T01:14:38.292Z,157008,6616896,447181360,19050981,
2026-05-27T01:14:38.543Z,157259,6616896,447181360,19050981,
2026-05-27T01:14:38.793Z,157509,6616896,447181360,19050981,
2026-05-27T01:14:39.044Z,157760,6616896,447181360,19050981,
2026-05-27T01:14:39.299Z,158015,6616896,447181360,19050981,
2026-05-27T01:14:39.540Z,158256,6616896,447181360,19050981,
2026-05-27T01:14:39.826Z,158542,6616896,447181360,19050981,
