[{"folder":{"id":"eaf64b25-4cd1-5d71-ba2f-e02e6556213b"},"elements":[],"id":"a8a4e23b-54c3-4805-9204-0e8b63276536","file_name":"jj.jpeg","title":null,"size":2901,"type":"image/jpeg","url":"https://assets-eu-01.kc-usercontent.com/a7844231-064c-016c-1dad-38228cbc505d/5bf887b0-4c07-4afc-9579-e9f4ee658527/jj.jpeg","image_width":100,"image_height":100,"file_reference":{"id":"5bf887b0-4c07-4afc-9579-e9f4ee658527","type":"internal"},"descriptions":[{"language":{"id":"00000000-0000-0000-0000-000000000000"},"description":null}],"last_modified":"2023-01-25T08:45:08.7247259Z"},{"folder":{"id":"290176f9-bb83-5d6a-ad07-2843a1dd2208"},"elements":[],"id":"a035534d-8fb4-4e4c-a385-bac0230a33a4","file_name":"cover.jpg","title":"Preview","size":24756,"type":"image/jpeg","url":"https://assets-eu-01.kc-usercontent.com/a7844231-064c-016c-1dad-38228cbc505d/52821414-45e1-43bf-9726-a68fe107f3ac/cover.jpg","image_width":2000,"image_height":1000,"file_reference":{"id":"52821414-45e1-43bf-9726-a68fe107f3ac","type":"internal"},"descriptions":[{"language":{"id":"00000000-0000-0000-0000-000000000000"},"description":null}],"last_modified":"2023-01-25T08:45:09.3956019Z"},{"folder":{"id":"eaf64b25-4cd1-5d71-ba2f-e02e6556213b"},"elements":[],"id":"9b41e2b7-1c09-477a-9538-2fea374f0f5d","file_name":"joe.jpeg","title":null,"size":3934,"type":"image/jpeg","url":"https://assets-eu-01.kc-usercontent.com/a7844231-064c-016c-1dad-38228cbc505d/2d7fb6cd-faa8-4045-91ab-6002e769d6fa/joe.jpeg","image_width":100,"image_height":100,"file_reference":{"id":"2d7fb6cd-faa8-4045-91ab-6002e769d6fa","type":"internal"},"descriptions":[{"language":{"id":"00000000-0000-0000-0000-000000000000"},"description":null}],"last_modified":"2023-01-25T08:45:10.1052622Z"},{"folder":{"id":"290176f9-bb83-5d6a-ad07-2843a1dd2208"},"elements":[],"id":"2f750cf6-d9b4-422b-9bc0-e67ec5d8404e","file_name":"cover.jpg","title":"Hello world","size":80356,"type":"image/jpeg","url":"https://assets-eu-01.kc-usercontent.com/a7844231-064c-016c-1dad-38228cbc505d/bdd76d37-2af0-419d-8fc9-3751efe761a1/cover.jpg","image_width":2000,"image_height":1000,"file_reference":{"id":"bdd76d37-2af0-419d-8fc9-3751efe761a1","type":"internal"},"descriptions":[{"language":{"id":"00000000-0000-0000-0000-000000000000"},"description":null}],"last_modified":"2023-01-25T08:45:11.0078213Z"},{"folder":{"id":"eaf64b25-4cd1-5d71-ba2f-e02e6556213b"},"elements":[],"id":"766ef195-30db-454b-aae7-6525e1b76807","file_name":"tim.jpeg","title":null,"size":2963,"type":"image/jpeg","url":"https://assets-eu-01.kc-usercontent.com/a7844231-064c-016c-1dad-38228cbc505d/96384b36-6fb0-4113-9d68-651defac210d/tim.jpeg","image_width":100,"image_height":100,"file_reference":{"id":"96384b36-6fb0-4113-9d68-651defac210d","type":"internal"},"descriptions":[{"language":{"id":"00000000-0000-0000-0000-000000000000"},"description":null}],"last_modified":"2023-01-25T08:45:11.9045531Z"},{"folder":{"id":"290176f9-bb83-5d6a-ad07-2843a1dd2208"},"elements":[],"id":"78af7c24-8afa-412c-9785-1cc124784d8f","file_name":"cover.jpg","title":"Dynamic routing","size":57543,"type":"image/jpeg","url":"https://assets-eu-01.kc-usercontent.com/a7844231-064c-016c-1dad-38228cbc505d/c4694ae1-f844-489c-968e-c033c62cd638/cover.jpg","image_width":2000,"image_height":1000,"file_reference":{"id":"c4694ae1-f844-489c-968e-c033c62cd638","type":"internal"},"descriptions":[{"language":{"id":"00000000-0000-0000-0000-000000000000"},"description":null}],"last_modified":"2023-01-25T08:45:12.6555906Z"}]