[{"id":"c204b17f-d320-5755-b913-7b4caa8902b6","codename":"author","last_modified":"2023-01-25T08:45:07.300703Z","external_id":"ba75f751-d649-4fad-a643-bd58c660bb86","name":"Author","content_groups":[],"elements":[{"maximum_text_length":null,"validation_regex":null,"default":null,"name":"Name","guidelines":null,"is_required":false,"is_non_localizable":false,"type":"text","external_id":"27cd83d2-9bb6-4c3c-9e0e-08abd3c604dc","id":"fab7d833-5672-5271-ac00-49e6fcf34754","codename":"name"},{"asset_count_limit":{"value":1,"condition":"at_most"},"maximum_file_size":null,"allowed_file_types":"adjustable","image_width_limit":null,"image_height_limit":null,"default":null,"name":"Picture","guidelines":null,"is_required":false,"is_non_localizable":false,"type":"asset","external_id":"7a94a17f-fbe6-4415-a0fd-a99d150d74e3","id":"78b67780-55e4-5b29-903c-de37d3aa263b","codename":"picture"}]},{"id":"b1efdda5-18a3-5445-8ca2-51c252a9ee2d","codename":"post","last_modified":"2023-01-25T08:45:08.2231841Z","external_id":"5126584e-b734-457a-8a9f-f954fd597fa6","name":"Post","content_groups":[],"elements":[{"maximum_text_length":null,"validation_regex":null,"default":null,"name":"Title","guidelines":null,"is_required":true,"is_non_localizable":false,"type":"text","external_id":"63664f0c-3d1d-4a89-adbe-5f502b227f9d","id":"933469d0-fe2b-51fa-8f62-600f103aee8b","codename":"title"},{"default":null,"name":"Date","guidelines":null,"is_required":false,"is_non_localizable":false,"type":"date_time","external_id":"c0510c50-1f74-47f1-85de-4780138651a0","id":"1739ed56-ccd8-55a3-9cd3-67f09a8073db","codename":"date"},{"maximum_text_length":null,"validation_regex":null,"default":null,"name":"Excerpt","guidelines":null,"is_required":false,"is_non_localizable":false,"type":"text","external_id":"58f63166-ecb7-4c87-a644-6f616c6b2028","id":"e1461965-9004-500e-9441-39a51aa3088b","codename":"excerpt"},{"maximum_text_length":null,"maximum_image_size":null,"allowed_content_types":[],"allowed_item_link_types":[],"image_width_limit":null,"image_height_limit":null,"allowed_image_types":"any","allowed_blocks":[],"allowed_formatting":[],"allowed_text_blocks":[],"allowed_table_blocks":[],"allowed_table_formatting":[],"allowed_table_text_blocks":[],"name":"Content","guidelines":null,"is_required":false,"is_non_localizable":false,"type":"rich_text","external_id":"b496e813-c1ad-4468-aee4-e0fcbfc2f075","id":"f8b91d9f-0a7d-557e-9fe8-ca1203ae4a67","codename":"content"},{"asset_count_limit":{"value":1,"condition":"at_most"},"maximum_file_size":null,"allowed_file_types":"adjustable","image_width_limit":null,"image_height_limit":null,"default":null,"name":"Cover Image","guidelines":null,"is_required":false,"is_non_localizable":false,"type":"asset","external_id":"072504ad-20d9-4918-a2db-bac37c7ac3d2","id":"8f1bd2ae-b15a-5100-b8ee-b279a87862fb","codename":"cover_image"},{"depends_on":{"element":{"id":"933469d0-fe2b-51fa-8f62-600f103aee8b"}},"validation_regex":null,"name":"Slug","guidelines":null,"is_required":false,"is_non_localizable":false,"type":"url_slug","external_id":"b1bb5d5b-68b8-4fdc-91d9-1c9ad9efc84f","id":"f12efb12-764a-512c-82f8-4423d978b62b","codename":"slug"},{"item_count_limit":{"value":1,"condition":"exactly"},"allowed_content_types":[{"id":"c204b17f-d320-5755-b913-7b4caa8902b6"}],"default":null,"name":"Author","guidelines":null,"is_required":false,"is_non_localizable":false,"type":"modular_content","external_id":"bc8e9421-f4d0-4c05-a607-572ac635aaa9","id":"aa68b9d2-e807-54be-ac82-543ff122b6b2","codename":"author"}]}]