[{"id":"abd825d6-08e7-4c13-a3de-26c7a8001ede","name":"JJ Kasper","codename":"jj_kasper","type":{"id":"c204b17f-d320-5755-b913-7b4caa8902b6"},"collection":{"id":"00000000-0000-0000-0000-000000000000"},"sitemap_locations":[],"last_modified":"2023-01-25T08:45:13.3255545Z"},{"id":"5313c4cf-d818-4f6e-974a-48dbb02874f7","name":"Tim Neutkens","codename":"tim_neutkens","type":{"id":"c204b17f-d320-5755-b913-7b4caa8902b6"},"collection":{"id":"00000000-0000-0000-0000-000000000000"},"sitemap_locations":[],"last_modified":"2023-01-25T08:45:14.1370897Z"},{"id":"8a828eb0-624c-4311-bd40-161676e89e9b","name":"Joe Haddad","codename":"joe_haddad","type":{"id":"c204b17f-d320-5755-b913-7b4caa8902b6"},"collection":{"id":"00000000-0000-0000-0000-000000000000"},"sitemap_locations":[],"last_modified":"2023-01-25T08:45:14.8012322Z"},{"id":"0a2a26fa-8b7d-47af-9f2c-eaa10435a120","name":"Dynamic Routing and Static Generation","codename":"dynamic_routing_and_static_generation","type":{"id":"b1efdda5-18a3-5445-8ca2-51c252a9ee2d"},"collection":{"id":"00000000-0000-0000-0000-000000000000"},"sitemap_locations":[],"last_modified":"2023-01-25T08:45:15.3452593Z"},{"id":"d49da840-1a3a-435c-ab1a-87ed7a4851f3","name":"Learn How to Pre-render Pages Using Static Generation with Next.js","codename":"learn_how_to_pre_render_pages_using_static_generat","type":{"id":"b1efdda5-18a3-5445-8ca2-51c252a9ee2d"},"collection":{"id":"00000000-0000-0000-0000-000000000000"},"sitemap_locations":[],"last_modified":"2023-01-25T08:45:15.5407388Z"},{"id":"26bfd34a-af55-43d8-b169-22b48764b66d","name":"Preview Mode for Static Generation","codename":"preview_mode_for_static_generation","type":{"id":"b1efdda5-18a3-5445-8ca2-51c252a9ee2d"},"collection":{"id":"00000000-0000-0000-0000-000000000000"},"sitemap_locations":[],"last_modified":"2023-01-25T08:45:15.9191436Z"}]