[{"elements":[{"element":{"id":"fab7d833-5672-5271-ac00-49e6fcf34754"},"value":"JJ Kasper"},{"element":{"id":"78b67780-55e4-5b29-903c-de37d3aa263b"},"value":[{"renditions":[],"id":"a8a4e23b-54c3-4805-9204-0e8b63276536"}]}],"workflow_step":{"id":"c199950d-99f0-4983-b711-6c4c91624b22"},"workflow":{"workflow_identifier":{"id":"00000000-0000-0000-0000-000000000000"},"step_identifier":{"id":"c199950d-99f0-4983-b711-6c4c91624b22"}},"item":{"id":"abd825d6-08e7-4c13-a3de-26c7a8001ede"},"language":{"id":"00000000-0000-0000-0000-000000000000"},"last_modified":"2023-01-25T08:45:16.4522054Z"},{"elements":[{"element":{"id":"fab7d833-5672-5271-ac00-49e6fcf34754"},"value":"Tim Neutkens"},{"element":{"id":"78b67780-55e4-5b29-903c-de37d3aa263b"},"value":[{"renditions":[],"id":"766ef195-30db-454b-aae7-6525e1b76807"}]}],"workflow_step":{"id":"c199950d-99f0-4983-b711-6c4c91624b22"},"workflow":{"workflow_identifier":{"id":"00000000-0000-0000-0000-000000000000"},"step_identifier":{"id":"c199950d-99f0-4983-b711-6c4c91624b22"}},"item":{"id":"5313c4cf-d818-4f6e-974a-48dbb02874f7"},"language":{"id":"00000000-0000-0000-0000-000000000000"},"last_modified":"2023-01-25T08:45:16.7871803Z"},{"elements":[{"element":{"id":"fab7d833-5672-5271-ac00-49e6fcf34754"},"value":"Joe Haddad"},{"element":{"id":"78b67780-55e4-5b29-903c-de37d3aa263b"},"value":[{"renditions":[],"id":"9b41e2b7-1c09-477a-9538-2fea374f0f5d"}]}],"workflow_step":{"id":"c199950d-99f0-4983-b711-6c4c91624b22"},"workflow":{"workflow_identifier":{"id":"00000000-0000-0000-0000-000000000000"},"step_identifier":{"id":"c199950d-99f0-4983-b711-6c4c91624b22"}},"item":{"id":"8a828eb0-624c-4311-bd40-161676e89e9b"},"language":{"id":"00000000-0000-0000-0000-000000000000"},"last_modified":"2023-01-25T08:45:17.1544134Z"},{"elements":[{"element":{"id":"933469d0-fe2b-51fa-8f62-600f103aee8b"},"value":"Dynamic Routing and Static Generation"},{"display_timezone":null,"element":{"id":"1739ed56-ccd8-55a3-9cd3-67f09a8073db"},"value":"2020-04-16T00:00:00Z"},{"element":{"id":"e1461965-9004-500e-9441-39a51aa3088b"},"value":"Lorem ipsum dolor sit amet, consectetur adipiscing elit, sed do eiusmod tempor incididunt ut labore et dolore magna aliqua. Praesent elementum facilisis leo vel fringilla est ullamcorper eget. At imperdiet dui accumsan sit amet nulla facilities morbi tempus."},{"components":[],"element":{"id":"f8b91d9f-0a7d-557e-9fe8-ca1203ae4a67"},"value":"<p>Lorem ipsum dolor sit amet, consectetur adipiscing elit, sed do eiusmod tempor incididunt ut labore et dolore magna aliqua. Praesent elementum facilisis leo vel fringilla est ullamcorper eget. At imperdiet dui accumsan sit amet nulla facilities morbi tempus. Praesent elementum facilisis leo vel fringilla. Congue mauris rhoncus aenean vel. Egestas sed tempus urna et pharetra pharetra massa massa ultricies.</p>\n<p>Venenatis cras sed felis eget velit. Consectetur libero id faucibus nisl tincidunt. Gravida in fermentum et sollicitudin ac orci phasellus egestas tellus. Volutpat consequat mauris nunc congue nisi vitae. Id aliquet risus feugiat in ante metus dictum at tempor. Sed blandit libero volutpat sed cras. Sed odio morbi quis commodo odio aenean sed adipiscing. Velit euismod in pellentesque massa placerat. Mi bibendum neque egestas congue quisque egestas diam in arcu. Nisi lacus sed viverra tellus in. Nibh cras pulvinar mattis nunc sed. Luctus accumsan tortor posuere ac ut consequat semper viverra. Fringilla ut morbi tincidunt augue interdum velit euismod.</p>\n<h2>Lorem Ipsum</h2>\n<p>Tristique senectus et netus et malesuada fames ac turpis. Ridiculous mus mauris vitae ultricies leo integer malesuada nunc vel. In mollis nunc sed id semper. Egestas tellus rutrum tellus pellentesque. Phasellus vestibulum lorem sed risus ultricies tristique nulla. Quis blandit turpis cursus in hac habitasse platea dictumst quisque. Eros donec ac odio tempor orci dapibus ultrices. Aliquam sem et tortor consequat id porta nibh. Adipiscing elit duis tristique sollicitudin nibh sit amet commodo nulla. Diam vulputate ut pharetra sit amet. Ut tellus elementum sagittis vitae et leo. Arcu non odio euismod lacinia at quis risus sed vulputate.</p>"},{"element":{"id":"8f1bd2ae-b15a-5100-b8ee-b279a87862fb"},"value":[{"renditions":[],"id":"78af7c24-8afa-412c-9785-1cc124784d8f"}]},{"mode":"autogenerated","element":{"id":"f12efb12-764a-512c-82f8-4423d978b62b"},"value":"dynamic-routing-and-static-generation"},{"element":{"id":"aa68b9d2-e807-54be-ac82-543ff122b6b2"},"value":[{"id":"abd825d6-08e7-4c13-a3de-26c7a8001ede"}]}],"workflow_step":{"id":"c199950d-99f0-4983-b711-6c4c91624b22"},"workflow":{"workflow_identifier":{"id":"00000000-0000-0000-0000-000000000000"},"step_identifier":{"id":"c199950d-99f0-4983-b711-6c4c91624b22"}},"item":{"id":"0a2a26fa-8b7d-47af-9f2c-eaa10435a120"},"language":{"id":"00000000-0000-0000-0000-000000000000"},"last_modified":"2023-01-25T08:45:17.3980922Z"},{"elements":[{"element":{"id":"933469d0-fe2b-51fa-8f62-600f103aee8b"},"value":"Learn How to Pre-render Pages Using Static Generation with Next.js"},{"display_timezone":null,"element":{"id":"1739ed56-ccd8-55a3-9cd3-67f09a8073db"},"value":"2020-03-16T00:00:00Z"},{"element":{"id":"e1461965-9004-500e-9441-39a51aa3088b"},"value":"Lorem ipsum dolor sit amet, consectetur adipiscing elit, sed do eiusmod tempor incididunt ut labore et dolore magna aliqua. Praesent elementum facilisis leo vel fringilla est ullamcorper eget. At imperdiet dui accumsan sit amet nulla facilities morbi tempus."},{"components":[],"element":{"id":"f8b91d9f-0a7d-557e-9fe8-ca1203ae4a67"},"value":"<p>Lorem ipsum dolor sit amet, consectetur adipiscing elit, sed do eiusmod tempor incididunt ut labore et dolore magna aliqua. Praesent elementum facilisis leo vel fringilla est ullamcorper eget. At imperdiet dui accumsan sit amet nulla facilities morbi tempus. Praesent elementum facilisis leo vel fringilla. Congue mauris rhoncus aenean vel. Egestas sed tempus urna et pharetra pharetra massa massa ultricies.</p>\n<p>Venenatis cras sed felis eget velit. Consectetur libero id faucibus nisl tincidunt. Gravida in fermentum et sollicitudin ac orci phasellus egestas tellus. Volutpat consequat mauris nunc congue nisi vitae. Id aliquet risus feugiat in ante metus dictum at tempor. Sed blandit libero volutpat sed cras. Sed odio morbi quis commodo odio aenean sed adipiscing. Velit euismod in pellentesque massa placerat. Mi bibendum neque egestas congue quisque egestas diam in arcu. Nisi lacus sed viverra tellus in. Nibh cras pulvinar mattis nunc sed. Luctus accumsan tortor posuere ac ut consequat semper viverra. Fringilla ut morbi tincidunt augue interdum velit euismod.</p>\n<h2>Lorem Ipsum</h2>\n<p>Tristique senectus et netus et malesuada fames ac turpis. Ridiculous mus mauris vitae ultricies leo integer malesuada nunc vel. In mollis nunc sed id semper. Egestas tellus rutrum tellus pellentesque. Phasellus vestibulum lorem sed risus ultricies tristique nulla. Quis blandit turpis cursus in hac habitasse platea dictumst quisque. Eros donec ac odio tempor orci dapibus ultrices. Aliquam sem et tortor consequat id porta nibh. Adipiscing elit duis tristique sollicitudin nibh sit amet commodo nulla. Diam vulputate ut pharetra sit amet. Ut tellus elementum sagittis vitae et leo. Arcu non odio euismod lacinia at quis risus sed vulputate.</p>"},{"element":{"id":"8f1bd2ae-b15a-5100-b8ee-b279a87862fb"},"value":[{"renditions":[],"id":"2f750cf6-d9b4-422b-9bc0-e67ec5d8404e"}]},{"mode":"autogenerated","element":{"id":"f12efb12-764a-512c-82f8-4423d978b62b"},"value":"learn-how-to-pre-render-pages-using-static-generation-with-next-js"},{"element":{"id":"aa68b9d2-e807-54be-ac82-543ff122b6b2"},"value":[{"id":"5313c4cf-d818-4f6e-974a-48dbb02874f7"}]}],"workflow_step":{"id":"c199950d-99f0-4983-b711-6c4c91624b22"},"workflow":{"workflow_identifier":{"id":"00000000-0000-0000-0000-000000000000"},"step_identifier":{"id":"c199950d-99f0-4983-b711-6c4c91624b22"}},"item":{"id":"d49da840-1a3a-435c-ab1a-87ed7a4851f3"},"language":{"id":"00000000-0000-0000-0000-000000000000"},"last_modified":"2023-01-25T08:45:17.8791814Z"},{"elements":[{"element":{"id":"933469d0-fe2b-51fa-8f62-600f103aee8b"},"value":"Preview Mode for Static Generation"},{"display_timezone":null,"element":{"id":"1739ed56-ccd8-55a3-9cd3-67f09a8073db"},"value":"2020-03-16T00:00:00Z"},{"element":{"id":"e1461965-9004-500e-9441-39a51aa3088b"},"value":"Lorem ipsum dolor sit amet, consectetur adipiscing elit, sed do eiusmod tempor incididunt ut labore et dolore magna aliqua. Praesent elementum facilisis leo vel fringilla est ullamcorper eget. At imperdiet dui accumsan sit amet nulla facilities morbi tempus."},{"components":[],"element":{"id":"f8b91d9f-0a7d-557e-9fe8-ca1203ae4a67"},"value":"<p>Lorem ipsum dolor sit amet, consectetur adipiscing elit, sed do eiusmod tempor incididunt ut labore et dolore magna aliqua. Praesent elementum facilisis leo vel fringilla est ullamcorper eget. At imperdiet dui accumsan sit amet nulla facilities morbi tempus. Praesent elementum facilisis leo vel fringilla. Congue mauris rhoncus aenean vel. Egestas sed tempus urna et pharetra pharetra massa massa ultricies.</p>\n<p>Venenatis cras sed felis eget velit. Consectetur libero id faucibus nisl tincidunt. Gravida in fermentum et sollicitudin ac orci phasellus egestas tellus. Volutpat consequat mauris nunc congue nisi vitae. Id aliquet risus feugiat in ante metus dictum at tempor. Sed blandit libero volutpat sed cras. Sed odio morbi quis commodo odio aenean sed adipiscing. Velit euismod in pellentesque massa placerat. Mi bibendum neque egestas congue quisque egestas diam in arcu. Nisi lacus sed viverra tellus in. Nibh cras pulvinar mattis nunc sed. Luctus accumsan tortor posuere ac ut consequat semper viverra. Fringilla ut morbi tincidunt augue interdum velit euismod.</p>\n<h2>Lorem Ipsum</h2>\n<p>Tristique senectus et netus et malesuada fames ac turpis. Ridiculous mus mauris vitae ultricies leo integer malesuada nunc vel. In mollis nunc sed id semper. Egestas tellus rutrum tellus pellentesque. Phasellus vestibulum lorem sed risus ultricies tristique nulla. Quis blandit turpis cursus in hac habitasse platea dictumst quisque. Eros donec ac odio tempor orci dapibus ultrices. Aliquam sem et tortor consequat id porta nibh. Adipiscing elit duis tristique sollicitudin nibh sit amet commodo nulla. Diam vulputate ut pharetra sit amet. Ut tellus elementum sagittis vitae et leo. Arcu non odio euismod lacinia at quis risus sed vulputate.</p>"},{"element":{"id":"8f1bd2ae-b15a-5100-b8ee-b279a87862fb"},"value":[{"renditions":[],"id":"a035534d-8fb4-4e4c-a385-bac0230a33a4"}]},{"mode":"autogenerated","element":{"id":"f12efb12-764a-512c-82f8-4423d978b62b"},"value":"preview-mode-for-static-generation"},{"element":{"id":"aa68b9d2-e807-54be-ac82-543ff122b6b2"},"value":[{"id":"8a828eb0-624c-4311-bd40-161676e89e9b"}]}],"workflow_step":{"id":"c199950d-99f0-4983-b711-6c4c91624b22"},"workflow":{"workflow_identifier":{"id":"00000000-0000-0000-0000-000000000000"},"step_identifier":{"id":"c199950d-99f0-4983-b711-6c4c91624b22"}},"item":{"id":"26bfd34a-af55-43d8-b169-22b48764b66d"},"language":{"id":"00000000-0000-0000-0000-000000000000"},"last_modified":"2023-01-25T08:45:18.1918159Z"}]