[{"folder":{"id":"82274911-5ab9-4881-853e-4f7a97b2caf2"},"id":"3188f3d4-60b9-4345-bd6d-90cc0a66a4f4","file_name":"jj.jpeg","title":null,"size":6186,"type":"image/jpeg","url":"https://assets-us-01.kc-usercontent.com/a99c6ff3-1e1d-000a-2573-c93dfb21cf6e/d2003ff6-9f41-4903-96d7-93fb76558d4c/jj.jpeg","image_width":100,"image_height":100,"file_reference":{"id":"d2003ff6-9f41-4903-96d7-93fb76558d4c","type":"internal"},"descriptions":[{"language":{"id":"00000000-0000-0000-0000-000000000000"},"description":null}],"last_modified":"2020-08-06T10:37:05.6151045Z"},{"folder":{"id":"499af581-d817-49cc-a548-5b34ba7b2fc6"},"id":"486a4d34-c999-4841-8b11-90dc89d01b27","file_name":"cover.jpg","title":"Preview","size":44270,"type":"image/jpeg","url":"https://assets-us-01.kc-usercontent.com/a99c6ff3-1e1d-000a-2573-c93dfb21cf6e/5900325b-5bee-44dc-828f-988078a63472/cover.jpg","image_width":2000,"image_height":1000,"file_reference":{"id":"5900325b-5bee-44dc-828f-988078a63472","type":"internal"},"descriptions":[{"language":{"id":"00000000-0000-0000-0000-000000000000"},"description":null}],"last_modified":"2020-08-06T10:39:48.8551858Z"},{"folder":{"id":"82274911-5ab9-4881-853e-4f7a97b2caf2"},"id":"6d82b92d-323f-4470-99aa-c88acdd949f3","file_name":"joe.jpeg","title":null,"size":7196,"type":"image/jpeg","url":"https://assets-us-01.kc-usercontent.com/a99c6ff3-1e1d-000a-2573-c93dfb21cf6e/20b5ce6b-9e5f-4af1-851f-c5fe5ddaffe5/joe.jpeg","image_width":100,"image_height":100,"file_reference":{"id":"20b5ce6b-9e5f-4af1-851f-c5fe5ddaffe5","type":"internal"},"descriptions":[{"language":{"id":"00000000-0000-0000-0000-000000000000"},"description":null}],"last_modified":"2020-08-06T10:38:00.9066359Z"},{"folder":{"id":"499af581-d817-49cc-a548-5b34ba7b2fc6"},"id":"bb4947c2-0f97-45e5-9746-3a9b6873c05b","file_name":"cover.jpg","title":"Hello world","size":105406,"type":"image/jpeg","url":"https://assets-us-01.kc-usercontent.com/a99c6ff3-1e1d-000a-2573-c93dfb21cf6e/8c2bcb30-0c0d-4c90-9598-11e8f99df0c2/cover.jpg","image_width":2000,"image_height":1000,"file_reference":{"id":"8c2bcb30-0c0d-4c90-9598-11e8f99df0c2","type":"internal"},"descriptions":[{"language":{"id":"00000000-0000-0000-0000-000000000000"},"description":null}],"last_modified":"2020-08-06T10:39:58.4801123Z"},{"folder":{"id":"82274911-5ab9-4881-853e-4f7a97b2caf2"},"id":"c17a90e9-45cb-49e8-b017-989df7a5d4d1","file_name":"tim.jpeg","title":null,"size":6148,"type":"image/jpeg","url":"https://assets-us-01.kc-usercontent.com/a99c6ff3-1e1d-000a-2573-c93dfb21cf6e/ee965db0-72b5-4870-9084-ce670c1314e4/tim.jpeg","image_width":100,"image_height":100,"file_reference":{"id":"ee965db0-72b5-4870-9084-ce670c1314e4","type":"internal"},"descriptions":[{"language":{"id":"00000000-0000-0000-0000-000000000000"},"description":null}],"last_modified":"2020-08-06T10:37:32.2302577Z"},{"folder":{"id":"499af581-d817-49cc-a548-5b34ba7b2fc6"},"id":"e8dc154d-e744-43c9-8383-c94e94ab7020","file_name":"cover.jpg","title":"Dynamic routing","size":117724,"type":"image/jpeg","url":"https://assets-us-01.kc-usercontent.com/a99c6ff3-1e1d-000a-2573-c93dfb21cf6e/d2370b26-fe0d-4c99-9a06-cd79df7a3c3a/cover.jpg","image_width":2000,"image_height":1000,"file_reference":{"id":"d2370b26-fe0d-4c99-9a06-cd79df7a3c3a","type":"internal"},"descriptions":[{"language":{"id":"00000000-0000-0000-0000-000000000000"},"description":null}],"last_modified":"2020-08-06T10:39:20.6665125Z"}]