[{"id":"30cb0e49-7576-47b5-a1bc-dec10d4e24e1","name":"JJ Kasper","codename":"jj_kasper","type":{"id":"ba75f751-d649-4fad-a643-bd58c660bb86"},"collection":{"id":"00000000-0000-0000-0000-000000000000"},"sitemap_locations":[],"last_modified":"2020-08-06T10:35:42.8523212Z"},{"id":"970b6320-bd43-4bfa-b764-693e6f5d1763","name":"Tim Neutkens","codename":"tim_neutkens","type":{"id":"ba75f751-d649-4fad-a643-bd58c660bb86"},"collection":{"id":"00000000-0000-0000-0000-000000000000"},"sitemap_locations":[],"last_modified":"2020-08-06T10:37:25.7183962Z"},{"id":"b0a3aa02-882d-4697-8b6e-f660766141c8","name":"Joe Haddad","codename":"joe_haddad","type":{"id":"ba75f751-d649-4fad-a643-bd58c660bb86"},"collection":{"id":"00000000-0000-0000-0000-000000000000"},"sitemap_locations":[],"last_modified":"2020-08-06T10:37:55.8298736Z"},{"id":"44898264-060d-48e9-a12b-7b444907d3f4","name":"Dynamic Routing and Static Generation","codename":"dynamic_routing_and_static_generation","type":{"id":"5126584e-b734-457a-8a9f-f954fd597fa6"},"collection":{"id":"00000000-0000-0000-0000-000000000000"},"sitemap_locations":[],"last_modified":"2020-08-06T10:40:47.6345345Z"},{"id":"b2c879a7-5dc9-4817-9c66-2829fec6afa6","name":"Learn How to Pre-render Pages Using Static Generation with Next.js","codename":"learn_how_to_pre_render_pages_using_static_generat","type":{"id":"5126584e-b734-457a-8a9f-f954fd597fa6"},"collection":{"id":"00000000-0000-0000-0000-000000000000"},"sitemap_locations":[],"last_modified":"2020-08-06T10:43:18.6339952Z"},{"id":"0aa6be4d-4c3d-41fb-90b8-604d815439e4","name":"Preview Mode for Static Generation","codename":"preview_mode_for_static_generation","type":{"id":"5126584e-b734-457a-8a9f-f954fd597fa6"},"collection":{"id":"00000000-0000-0000-0000-000000000000"},"sitemap_locations":[],"last_modified":"2020-08-06T10:44:38.4364696Z"}]