﻿<?xml version="1.0" encoding="utf-8"?>
<atom:entry xmlns:app="http://www.w3.org/2007/app" xmlns:atom="http://www.w3.org/2005/Atom" xmlns:cmis="http://docs.oasis-open.org/ns/cmis/core/200908/" xmlns:cmisra="http://docs.oasis-open.org/ns/cmis/restatom/200908/" xmlns:sf="urn:telerik:sitefinity:cmis" xml:base="https://localhost:8081/Sitefinity/CMIS/RestAtom/">
  <cmisra:object>
    <cmis:properties>
      <cmis:propertyString propertyDefinitionId="sf:SystemParentType" />
      <cmis:propertyId propertyDefinitionId="sf:SystemParentId">
        <cmis:value>00000000-0000-0000-0000-000000000000</cmis:value>
      </cmis:propertyId>
      <cmis:propertyBoolean propertyDefinitionId="sf:SystemHasChildItems">
        <cmis:value>False</cmis:value>
      </cmis:propertyBoolean>
      <cmis:propertyBoolean propertyDefinitionId="sf:IncludeInSitemap">
        <cmis:value>True</cmis:value>
      </cmis:propertyBoolean>
      <cmis:propertyString propertyDefinitionId="sf:SystemSourceKey" />
      <cmis:propertyId propertyDefinitionId="sf:Id">
        <cmis:value>a53cc238-b397-4500-8e03-0014541415b8</cmis:value>
      </cmis:propertyId>
      <cmis:propertyInteger propertyDefinitionId="sf:Status">
        <cmis:value>2</cmis:value>
      </cmis:propertyInteger>
      <cmis:propertyId propertyDefinitionId="sf:OriginalContentId">
        <cmis:value>5afe5774-ed60-445a-9bd2-4dd89f374190</cmis:value>
      </cmis:propertyId>
      <cmis:propertyString propertyDefinitionId="sf:UrlName">
        <cmis:value sf:lang="en" sf:invariantValue="dynamic-routing-and-static-generation">dynamic-routing-and-static-generation</cmis:value>
      </cmis:propertyString>
      <sf:Telerik.Sitefinity.DynamicModules.Model.DynamicContentUrlData propertyDefinitionId="sf:Urls" sf:collectionType="IEnumerable">
        <cmis:value>&lt;Telerik.Sitefinity.DynamicModules.Model.DynamicContentUrlData&gt;
  &lt;Culture&gt;127&lt;/Culture&gt;
  &lt;Disabled&gt;false&lt;/Disabled&gt;
  &lt;Id&gt;0330cf7e-c038-481f-9f47-f028faed9568&lt;/Id&gt;
  &lt;IsDefault&gt;true&lt;/IsDefault&gt;
  &lt;LastModified&gt;2022-08-12T12:54:13.57Z&lt;/LastModified&gt;
  &lt;QueryString /&gt;
  &lt;RedirectToDefault&gt;false&lt;/RedirectToDefault&gt;
  &lt;Url&gt;%2fdynamic-routing-and-static-generation&lt;/Url&gt;
  &lt;ItemType&gt;Telerik.Sitefinity.DynamicTypes.Model.Posts.Post&lt;/ItemType&gt;
&lt;/Telerik.Sitefinity.DynamicModules.Model.DynamicContentUrlData&gt;</cmis:value>
      </sf:Telerik.Sitefinity.DynamicModules.Model.DynamicContentUrlData>
      <cmis:propertyBoolean propertyDefinitionId="sf:AutoGenerateUniqueUrl">
        <cmis:value>False</cmis:value>
      </cmis:propertyBoolean>
      <cmis:propertyString propertyDefinitionId="sf:ApprovalWorkflowState">
        <cmis:value sf:lang="en" sf:invariantValue="Published">Published</cmis:value>
      </cmis:propertyString>
      <cmis:propertyBoolean propertyDefinitionId="sf:IsViewable">
        <cmis:value>False</cmis:value>
      </cmis:propertyBoolean>
      <cmis:propertyBoolean propertyDefinitionId="sf:IsUnlockable">
        <cmis:value>False</cmis:value>
      </cmis:propertyBoolean>
      <cmis:propertyBoolean propertyDefinitionId="sf:HasLiveVersion">
        <cmis:value>False</cmis:value>
      </cmis:propertyBoolean>
      <cmis:propertyString propertyDefinitionId="sf:Excerpt">
        <cmis:value sf:lang="en" sf:invariantValue="Lorem ipsum dolor sit amet, consectetur adipiscing elit, sed do eiusmod tempor incididunt ut labore et dolore magna aliqua. Praesent elementum facilisis leo vel fringilla est ullamcorper eget. At imperdiet dui accumsan sit amet nulla facilities morbi tempus.">Lorem ipsum dolor sit amet, consectetur adipiscing elit, sed do eiusmod tempor incididunt ut labore et dolore magna aliqua. Praesent elementum facilisis leo vel fringilla est ullamcorper eget. At imperdiet dui accumsan sit amet nulla facilities morbi tempus.</cmis:value>
      </cmis:propertyString>
      <cmis:propertyString propertyDefinitionId="sf:Content">
        <cmis:value sf:lang="en" sf:invariantValue="&lt;p dir=&quot;auto&quot;&gt;Lorem ipsum dolor sit amet, consectetur adipiscing elit, sed do eiusmod tempor incididunt ut labore et dolore magna aliqua. Praesent elementum facilisis leo vel fringilla est ullamcorper eget. At imperdiet dui accumsan sit amet nulla facilities morbi tempus. Praesent elementum facilisis leo vel fringilla. Congue mauris rhoncus aenean vel. Egestas sed tempus urna et pharetra pharetra massa massa ultricies.&lt;/p&gt;&lt;p dir=&quot;auto&quot;&gt;Venenatis cras sed felis eget velit. Consectetur libero id faucibus nisl tincidunt. Gravida in fermentum et sollicitudin ac orci phasellus egestas tellus. Volutpat consequat mauris nunc congue nisi vitae. Id aliquet risus feugiat in ante metus dictum at tempor. Sed blandit libero volutpat sed cras. Sed odio morbi quis commodo odio aenean sed adipiscing. Velit euismod in pellentesque massa placerat. Mi bibendum neque egestas congue quisque egestas diam in arcu. Nisi lacus sed viverra tellus in. Nibh cras pulvinar mattis nunc sed. Luctus accumsan tortor posuere ac ut consequat semper viverra. Fringilla ut morbi tincidunt augue interdum velit euismod.&lt;/p&gt;&lt;h2 dir=&quot;auto&quot;&gt;Lorem Ipsum&lt;/h2&gt;&lt;p dir=&quot;auto&quot;&gt;Tristique senectus et netus et malesuada fames ac turpis. Ridiculous mus mauris vitae ultricies leo integer malesuada nunc vel. In mollis nunc sed id semper. Egestas tellus rutrum tellus pellentesque. Phasellus vestibulum lorem sed risus ultricies tristique nulla. Quis blandit turpis cursus in hac habitasse platea dictumst quisque. Eros donec ac odio tempor orci dapibus ultrices. Aliquam sem et tortor consequat id porta nibh. Adipiscing elit duis tristique sollicitudin nibh sit amet commodo nulla. Diam vulputate ut pharetra sit amet. Ut tellus elementum sagittis vitae et leo. Arcu non odio euismod lacinia at quis risus sed vulputate.&lt;/p&gt;">&lt;p dir="auto"&gt;Lorem ipsum dolor sit amet, consectetur adipiscing elit, sed do eiusmod tempor incididunt ut labore et dolore magna aliqua. Praesent elementum facilisis leo vel fringilla est ullamcorper eget. At imperdiet dui accumsan sit amet nulla facilities morbi tempus. Praesent elementum facilisis leo vel fringilla. Congue mauris rhoncus aenean vel. Egestas sed tempus urna et pharetra pharetra massa massa ultricies.&lt;/p&gt;&lt;p dir="auto"&gt;Venenatis cras sed felis eget velit. Consectetur libero id faucibus nisl tincidunt. Gravida in fermentum et sollicitudin ac orci phasellus egestas tellus. Volutpat consequat mauris nunc congue nisi vitae. Id aliquet risus feugiat in ante metus dictum at tempor. Sed blandit libero volutpat sed cras. Sed odio morbi quis commodo odio aenean sed adipiscing. Velit euismod in pellentesque massa placerat. Mi bibendum neque egestas congue quisque egestas diam in arcu. Nisi lacus sed viverra tellus in. Nibh cras pulvinar mattis nunc sed. Luctus accumsan tortor posuere ac ut consequat semper viverra. Fringilla ut morbi tincidunt augue interdum velit euismod.&lt;/p&gt;&lt;h2 dir="auto"&gt;Lorem Ipsum&lt;/h2&gt;&lt;p dir="auto"&gt;Tristique senectus et netus et malesuada fames ac turpis. Ridiculous mus mauris vitae ultricies leo integer malesuada nunc vel. In mollis nunc sed id semper. Egestas tellus rutrum tellus pellentesque. Phasellus vestibulum lorem sed risus ultricies tristique nulla. Quis blandit turpis cursus in hac habitasse platea dictumst quisque. Eros donec ac odio tempor orci dapibus ultrices. Aliquam sem et tortor consequat id porta nibh. Adipiscing elit duis tristique sollicitudin nibh sit amet commodo nulla. Diam vulputate ut pharetra sit amet. Ut tellus elementum sagittis vitae et leo. Arcu non odio euismod lacinia at quis risus sed vulputate.&lt;/p&gt;</cmis:value>
      </cmis:propertyString>
      <sf:Telerik.Sitefinity.RelatedData.RelatedItems propertyDefinitionId="sf:CoverImage">
        <cmis:value>[{"ApplicationName":null,"Attributes":[],"AvailableForLive":true,"AvailableForMaster":true,"AvailableForTemp":true,"ChildItemAdditionalInfo":null,"ChildItemId":"2e12003d-cb2f-492d-b71b-cc5e9e0c81b3","ChildItemProviderName":"","ChildItemType":"Telerik.Sitefinity.Libraries.Model.Image","ComponentPropertyName":"CoverImage","Id":"00000000-0000-0000-0000-000000000000","IsChildDeleted":false,"IsParentDeleted":false,"LastModified":"\/Date(1660308975655)\/","Ordinal":0,"ParentItemAdditionalInfo":null,"ParentItemId":"5afe5774-ed60-445a-9bd2-4dd89f374190","ParentItemProviderName":"","ParentItemType":"Telerik.Sitefinity.DynamicTypes.Model.Posts.Post"}]</cmis:value>
      </sf:Telerik.Sitefinity.RelatedData.RelatedItems>
      <sf:Telerik.Sitefinity.RelatedData.RelatedItems propertyDefinitionId="sf:AuthorOfPost">
        <cmis:value>[{"ApplicationName":null,"Attributes":[],"AvailableForLive":true,"AvailableForMaster":true,"AvailableForTemp":true,"ChildItemAdditionalInfo":null,"ChildItemId":"3373d13b-a191-41ed-ad50-410724c6ab76","ChildItemProviderName":"","ChildItemType":"Telerik.Sitefinity.DynamicTypes.Model.Posts.Auhtor","ComponentPropertyName":"AuthorOfPost","Id":"00000000-0000-0000-0000-000000000000","IsChildDeleted":false,"IsParentDeleted":false,"LastModified":"\/Date(1660308975655)\/","Ordinal":0,"ParentItemAdditionalInfo":null,"ParentItemId":"5afe5774-ed60-445a-9bd2-4dd89f374190","ParentItemProviderName":"","ParentItemType":"Telerik.Sitefinity.DynamicTypes.Model.Posts.Post"}]</cmis:value>
      </sf:Telerik.Sitefinity.RelatedData.RelatedItems>
      <sf:Telerik.Sitefinity.RelatedData.RelatedItems propertyDefinitionId="sf:OpenGraphImage">
        <cmis:value>[{"ApplicationName":null,"Attributes":[],"AvailableForLive":true,"AvailableForMaster":true,"AvailableForTemp":true,"ChildItemAdditionalInfo":null,"ChildItemId":"2e12003d-cb2f-492d-b71b-cc5e9e0c81b3","ChildItemProviderName":"","ChildItemType":"Telerik.Sitefinity.Libraries.Model.Image","ComponentPropertyName":"OpenGraphImage","Id":"00000000-0000-0000-0000-000000000000","IsChildDeleted":false,"IsParentDeleted":false,"LastModified":"\/Date(1660308975655)\/","Ordinal":0,"ParentItemAdditionalInfo":null,"ParentItemId":"5afe5774-ed60-445a-9bd2-4dd89f374190","ParentItemProviderName":"","ParentItemType":"Telerik.Sitefinity.DynamicTypes.Model.Posts.Post"}]</cmis:value>
      </sf:Telerik.Sitefinity.RelatedData.RelatedItems>
      <cmis:propertyString propertyDefinitionId="sf:Title">
        <cmis:value sf:lang="en" sf:invariantValue="Dynamic Routing and Static Generation">Dynamic Routing and Static Generation</cmis:value>
      </cmis:propertyString>
      <cmis:propertyId propertyDefinitionId="cmis:objectId">
        <cmis:value>a53cc238-b397-4500-8e03-0014541415b8</cmis:value>
      </cmis:propertyId>
      <cmis:propertyString propertyDefinitionId="sf:Author">
        <cmis:value></cmis:value>
      </cmis:propertyString>
      <cmis:propertyString propertyDefinitionId="cmis:objectTypeId">
        <cmis:value>Telerik.Sitefinity.DynamicTypes.Model.Posts.Post</cmis:value>
      </cmis:propertyString>
      <cmis:propertyString propertyDefinitionId="sf:LangId">
        <cmis:value>en</cmis:value>
      </cmis:propertyString>
      <cmis:propertyString propertyDefinitionId="sf:ItemAction">
        <cmis:value>New</cmis:value>
      </cmis:propertyString>
      <cmis:propertyString propertyDefinitionId="sf:ModuleName">
        <cmis:value>Posts</cmis:value>
      </cmis:propertyString>
    </cmis:properties>
  </cmisra:object>
  <cmisra:object>
    <cmis:properties>
      <cmis:propertyString propertyDefinitionId="sf:SystemParentType" />
      <cmis:propertyId propertyDefinitionId="sf:SystemParentId">
        <cmis:value>00000000-0000-0000-0000-000000000000</cmis:value>
      </cmis:propertyId>
      <cmis:propertyBoolean propertyDefinitionId="sf:SystemHasChildItems">
        <cmis:value>False</cmis:value>
      </cmis:propertyBoolean>
      <cmis:propertyBoolean propertyDefinitionId="sf:IncludeInSitemap">
        <cmis:value>True</cmis:value>
      </cmis:propertyBoolean>
      <cmis:propertyString propertyDefinitionId="sf:SystemSourceKey" />
      <cmis:propertyId propertyDefinitionId="sf:Id">
        <cmis:value>cc3a15bd-a1f0-44a6-aede-adeeaa6fe1c3</cmis:value>
      </cmis:propertyId>
      <cmis:propertyInteger propertyDefinitionId="sf:Status">
        <cmis:value>2</cmis:value>
      </cmis:propertyInteger>
      <cmis:propertyId propertyDefinitionId="sf:OriginalContentId">
        <cmis:value>336bdbc7-374d-4cbd-b60a-da9ca253aeb1</cmis:value>
      </cmis:propertyId>
      <cmis:propertyString propertyDefinitionId="sf:UrlName">
        <cmis:value sf:lang="en" sf:invariantValue="preview-mode-for-static-generation">preview-mode-for-static-generation</cmis:value>
      </cmis:propertyString>
      <sf:Telerik.Sitefinity.DynamicModules.Model.DynamicContentUrlData propertyDefinitionId="sf:Urls" sf:collectionType="IEnumerable">
        <cmis:value>&lt;Telerik.Sitefinity.DynamicModules.Model.DynamicContentUrlData&gt;
  &lt;Culture&gt;127&lt;/Culture&gt;
  &lt;Disabled&gt;false&lt;/Disabled&gt;
  &lt;Id&gt;ea228b76-a525-472b-b38c-967bdc2b0ea3&lt;/Id&gt;
  &lt;IsDefault&gt;true&lt;/IsDefault&gt;
  &lt;LastModified&gt;2022-08-12T12:53:58.023Z&lt;/LastModified&gt;
  &lt;QueryString /&gt;
  &lt;RedirectToDefault&gt;false&lt;/RedirectToDefault&gt;
  &lt;Url&gt;%2fpreview-mode-for-static-generation&lt;/Url&gt;
  &lt;ItemType&gt;Telerik.Sitefinity.DynamicTypes.Model.Posts.Post&lt;/ItemType&gt;
&lt;/Telerik.Sitefinity.DynamicModules.Model.DynamicContentUrlData&gt;</cmis:value>
      </sf:Telerik.Sitefinity.DynamicModules.Model.DynamicContentUrlData>
      <cmis:propertyBoolean propertyDefinitionId="sf:AutoGenerateUniqueUrl">
        <cmis:value>False</cmis:value>
      </cmis:propertyBoolean>
      <cmis:propertyString propertyDefinitionId="sf:ApprovalWorkflowState">
        <cmis:value sf:lang="en" sf:invariantValue="Published">Published</cmis:value>
      </cmis:propertyString>
      <cmis:propertyBoolean propertyDefinitionId="sf:IsViewable">
        <cmis:value>False</cmis:value>
      </cmis:propertyBoolean>
      <cmis:propertyBoolean propertyDefinitionId="sf:IsUnlockable">
        <cmis:value>False</cmis:value>
      </cmis:propertyBoolean>
      <cmis:propertyBoolean propertyDefinitionId="sf:HasLiveVersion">
        <cmis:value>False</cmis:value>
      </cmis:propertyBoolean>
      <cmis:propertyString propertyDefinitionId="sf:Excerpt">
        <cmis:value sf:lang="en" sf:invariantValue="Lorem ipsum dolor sit amet, consectetur adipiscing elit, sed do eiusmod tempor incididunt ut labore et dolore magna aliqua. Praesent elementum facilisis leo vel fringilla est ullamcorper eget. At imperdiet dui accumsan sit amet nulla facilities morbi tempus.">Lorem ipsum dolor sit amet, consectetur adipiscing elit, sed do eiusmod tempor incididunt ut labore et dolore magna aliqua. Praesent elementum facilisis leo vel fringilla est ullamcorper eget. At imperdiet dui accumsan sit amet nulla facilities morbi tempus.</cmis:value>
      </cmis:propertyString>
      <cmis:propertyString propertyDefinitionId="sf:Content">
        <cmis:value sf:lang="en" sf:invariantValue="&lt;p dir=&quot;auto&quot;&gt;Lorem ipsum dolor sit amet, consectetur adipiscing elit, sed do eiusmod tempor incididunt ut labore et dolore magna aliqua. Praesent elementum facilisis leo vel fringilla est ullamcorper eget. At imperdiet dui accumsan sit amet nulla facilities morbi tempus. Praesent elementum facilisis leo vel fringilla. Congue mauris rhoncus aenean vel. Egestas sed tempus urna et pharetra pharetra massa massa ultricies.&lt;/p&gt;&lt;p dir=&quot;auto&quot;&gt;Venenatis cras sed felis eget velit. Consectetur libero id faucibus nisl tincidunt. Gravida in fermentum et sollicitudin ac orci phasellus egestas tellus. Volutpat consequat mauris nunc congue nisi vitae. Id aliquet risus feugiat in ante metus dictum at tempor. Sed blandit libero volutpat sed cras. Sed odio morbi quis commodo odio aenean sed adipiscing. Velit euismod in pellentesque massa placerat. Mi bibendum neque egestas congue quisque egestas diam in arcu. Nisi lacus sed viverra tellus in. Nibh cras pulvinar mattis nunc sed. Luctus accumsan tortor posuere ac ut consequat semper viverra. Fringilla ut morbi tincidunt augue interdum velit euismod.&lt;/p&gt;&lt;h2 dir=&quot;auto&quot;&gt;Lorem Ipsum&lt;/h2&gt;&lt;p dir=&quot;auto&quot;&gt;Tristique senectus et netus et malesuada fames ac turpis. Ridiculous mus mauris vitae ultricies leo integer malesuada nunc vel. In mollis nunc sed id semper. Egestas tellus rutrum tellus pellentesque. Phasellus vestibulum lorem sed risus ultricies tristique nulla. Quis blandit turpis cursus in hac habitasse platea dictumst quisque. Eros donec ac odio tempor orci dapibus ultrices. Aliquam sem et tortor consequat id porta nibh. Adipiscing elit duis tristique sollicitudin nibh sit amet commodo nulla. Diam vulputate ut pharetra sit amet. Ut tellus elementum sagittis vitae et leo. Arcu non odio euismod lacinia at quis risus sed vulputate.&lt;/p&gt;">&lt;p dir="auto"&gt;Lorem ipsum dolor sit amet, consectetur adipiscing elit, sed do eiusmod tempor incididunt ut labore et dolore magna aliqua. Praesent elementum facilisis leo vel fringilla est ullamcorper eget. At imperdiet dui accumsan sit amet nulla facilities morbi tempus. Praesent elementum facilisis leo vel fringilla. Congue mauris rhoncus aenean vel. Egestas sed tempus urna et pharetra pharetra massa massa ultricies.&lt;/p&gt;&lt;p dir="auto"&gt;Venenatis cras sed felis eget velit. Consectetur libero id faucibus nisl tincidunt. Gravida in fermentum et sollicitudin ac orci phasellus egestas tellus. Volutpat consequat mauris nunc congue nisi vitae. Id aliquet risus feugiat in ante metus dictum at tempor. Sed blandit libero volutpat sed cras. Sed odio morbi quis commodo odio aenean sed adipiscing. Velit euismod in pellentesque massa placerat. Mi bibendum neque egestas congue quisque egestas diam in arcu. Nisi lacus sed viverra tellus in. Nibh cras pulvinar mattis nunc sed. Luctus accumsan tortor posuere ac ut consequat semper viverra. Fringilla ut morbi tincidunt augue interdum velit euismod.&lt;/p&gt;&lt;h2 dir="auto"&gt;Lorem Ipsum&lt;/h2&gt;&lt;p dir="auto"&gt;Tristique senectus et netus et malesuada fames ac turpis. Ridiculous mus mauris vitae ultricies leo integer malesuada nunc vel. In mollis nunc sed id semper. Egestas tellus rutrum tellus pellentesque. Phasellus vestibulum lorem sed risus ultricies tristique nulla. Quis blandit turpis cursus in hac habitasse platea dictumst quisque. Eros donec ac odio tempor orci dapibus ultrices. Aliquam sem et tortor consequat id porta nibh. Adipiscing elit duis tristique sollicitudin nibh sit amet commodo nulla. Diam vulputate ut pharetra sit amet. Ut tellus elementum sagittis vitae et leo. Arcu non odio euismod lacinia at quis risus sed vulputate.&lt;/p&gt;</cmis:value>
      </cmis:propertyString>
      <sf:Telerik.Sitefinity.RelatedData.RelatedItems propertyDefinitionId="sf:CoverImage">
        <cmis:value>[{"ApplicationName":null,"Attributes":[],"AvailableForLive":true,"AvailableForMaster":true,"AvailableForTemp":true,"ChildItemAdditionalInfo":null,"ChildItemId":"64288de5-1ce6-4ae7-b65d-c2b77ab17ec1","ChildItemProviderName":"","ChildItemType":"Telerik.Sitefinity.Libraries.Model.Image","ComponentPropertyName":"CoverImage","Id":"00000000-0000-0000-0000-000000000000","IsChildDeleted":false,"IsParentDeleted":false,"LastModified":"\/Date(1660308975663)\/","Ordinal":0,"ParentItemAdditionalInfo":null,"ParentItemId":"336bdbc7-374d-4cbd-b60a-da9ca253aeb1","ParentItemProviderName":"","ParentItemType":"Telerik.Sitefinity.DynamicTypes.Model.Posts.Post"}]</cmis:value>
      </sf:Telerik.Sitefinity.RelatedData.RelatedItems>
      <sf:Telerik.Sitefinity.RelatedData.RelatedItems propertyDefinitionId="sf:AuthorOfPost">
        <cmis:value>[{"ApplicationName":null,"Attributes":[],"AvailableForLive":true,"AvailableForMaster":true,"AvailableForTemp":true,"ChildItemAdditionalInfo":null,"ChildItemId":"a1640c1f-9f33-4126-800b-0ceeef07f4c7","ChildItemProviderName":"","ChildItemType":"Telerik.Sitefinity.DynamicTypes.Model.Posts.Auhtor","ComponentPropertyName":"AuthorOfPost","Id":"00000000-0000-0000-0000-000000000000","IsChildDeleted":false,"IsParentDeleted":false,"LastModified":"\/Date(1660308975663)\/","Ordinal":0,"ParentItemAdditionalInfo":null,"ParentItemId":"336bdbc7-374d-4cbd-b60a-da9ca253aeb1","ParentItemProviderName":"","ParentItemType":"Telerik.Sitefinity.DynamicTypes.Model.Posts.Post"}]</cmis:value>
      </sf:Telerik.Sitefinity.RelatedData.RelatedItems>
      <sf:Telerik.Sitefinity.RelatedData.RelatedItems propertyDefinitionId="sf:OpenGraphImage">
        <cmis:value>[{"ApplicationName":null,"Attributes":[],"AvailableForLive":true,"AvailableForMaster":true,"AvailableForTemp":true,"ChildItemAdditionalInfo":null,"ChildItemId":"64288de5-1ce6-4ae7-b65d-c2b77ab17ec1","ChildItemProviderName":"","ChildItemType":"Telerik.Sitefinity.Libraries.Model.Image","ComponentPropertyName":"OpenGraphImage","Id":"00000000-0000-0000-0000-000000000000","IsChildDeleted":false,"IsParentDeleted":false,"LastModified":"\/Date(1660308975663)\/","Ordinal":0,"ParentItemAdditionalInfo":null,"ParentItemId":"336bdbc7-374d-4cbd-b60a-da9ca253aeb1","ParentItemProviderName":"","ParentItemType":"Telerik.Sitefinity.DynamicTypes.Model.Posts.Post"}]</cmis:value>
      </sf:Telerik.Sitefinity.RelatedData.RelatedItems>
      <cmis:propertyString propertyDefinitionId="sf:Title">
        <cmis:value sf:lang="en" sf:invariantValue="Preview Mode for Static Generation">Preview Mode for Static Generation</cmis:value>
      </cmis:propertyString>
      <cmis:propertyId propertyDefinitionId="cmis:objectId">
        <cmis:value>cc3a15bd-a1f0-44a6-aede-adeeaa6fe1c3</cmis:value>
      </cmis:propertyId>
      <cmis:propertyString propertyDefinitionId="sf:Author">
        <cmis:value></cmis:value>
      </cmis:propertyString>
      <cmis:propertyString propertyDefinitionId="cmis:objectTypeId">
        <cmis:value>Telerik.Sitefinity.DynamicTypes.Model.Posts.Post</cmis:value>
      </cmis:propertyString>
      <cmis:propertyString propertyDefinitionId="sf:LangId">
        <cmis:value>en</cmis:value>
      </cmis:propertyString>
      <cmis:propertyString propertyDefinitionId="sf:ItemAction">
        <cmis:value>New</cmis:value>
      </cmis:propertyString>
      <cmis:propertyString propertyDefinitionId="sf:ModuleName">
        <cmis:value>Posts</cmis:value>
      </cmis:propertyString>
    </cmis:properties>
  </cmisra:object>
  <cmisra:object>
    <cmis:properties>
      <cmis:propertyString propertyDefinitionId="sf:SystemParentType" />
      <cmis:propertyId propertyDefinitionId="sf:SystemParentId">
        <cmis:value>00000000-0000-0000-0000-000000000000</cmis:value>
      </cmis:propertyId>
      <cmis:propertyBoolean propertyDefinitionId="sf:SystemHasChildItems">
        <cmis:value>False</cmis:value>
      </cmis:propertyBoolean>
      <cmis:propertyBoolean propertyDefinitionId="sf:IncludeInSitemap">
        <cmis:value>True</cmis:value>
      </cmis:propertyBoolean>
      <cmis:propertyString propertyDefinitionId="sf:SystemSourceKey" />
      <cmis:propertyId propertyDefinitionId="sf:Id">
        <cmis:value>31cd1be3-ef8b-4d69-a42b-c7ebb0212505</cmis:value>
      </cmis:propertyId>
      <cmis:propertyInteger propertyDefinitionId="sf:Status">
        <cmis:value>2</cmis:value>
      </cmis:propertyInteger>
      <cmis:propertyId propertyDefinitionId="sf:OriginalContentId">
        <cmis:value>ab88f491-bed0-4eb6-9a32-969a46bb5322</cmis:value>
      </cmis:propertyId>
      <cmis:propertyString propertyDefinitionId="sf:UrlName">
        <cmis:value sf:lang="en" sf:invariantValue="learn-how-to-pre-render-pages-using-static-generation-with-next.js">learn-how-to-pre-render-pages-using-static-generation-with-next.js</cmis:value>
      </cmis:propertyString>
      <sf:Telerik.Sitefinity.DynamicModules.Model.DynamicContentUrlData propertyDefinitionId="sf:Urls" sf:collectionType="IEnumerable">
        <cmis:value>&lt;Telerik.Sitefinity.DynamicModules.Model.DynamicContentUrlData&gt;
  &lt;Culture&gt;127&lt;/Culture&gt;
  &lt;Disabled&gt;false&lt;/Disabled&gt;
  &lt;Id&gt;3f21fb09-6715-49b7-9427-7ba127c1c239&lt;/Id&gt;
  &lt;IsDefault&gt;true&lt;/IsDefault&gt;
  &lt;LastModified&gt;2022-08-12T12:53:09.333Z&lt;/LastModified&gt;
  &lt;QueryString /&gt;
  &lt;RedirectToDefault&gt;false&lt;/RedirectToDefault&gt;
  &lt;Url&gt;%2flearn-how-to-pre-render-pages-using-static-generation-with-next.js&lt;/Url&gt;
  &lt;ItemType&gt;Telerik.Sitefinity.DynamicTypes.Model.Posts.Post&lt;/ItemType&gt;
&lt;/Telerik.Sitefinity.DynamicModules.Model.DynamicContentUrlData&gt;</cmis:value>
      </sf:Telerik.Sitefinity.DynamicModules.Model.DynamicContentUrlData>
      <cmis:propertyBoolean propertyDefinitionId="sf:AutoGenerateUniqueUrl">
        <cmis:value>False</cmis:value>
      </cmis:propertyBoolean>
      <cmis:propertyString propertyDefinitionId="sf:ApprovalWorkflowState">
        <cmis:value sf:lang="en" sf:invariantValue="Published">Published</cmis:value>
      </cmis:propertyString>
      <cmis:propertyBoolean propertyDefinitionId="sf:IsViewable">
        <cmis:value>False</cmis:value>
      </cmis:propertyBoolean>
      <cmis:propertyBoolean propertyDefinitionId="sf:IsUnlockable">
        <cmis:value>False</cmis:value>
      </cmis:propertyBoolean>
      <cmis:propertyBoolean propertyDefinitionId="sf:HasLiveVersion">
        <cmis:value>False</cmis:value>
      </cmis:propertyBoolean>
      <cmis:propertyString propertyDefinitionId="sf:Excerpt">
        <cmis:value sf:lang="en" sf:invariantValue="Lorem ipsum dolor sit amet, consectetur adipiscing elit, sed do eiusmod tempor incididunt ut labore et dolore magna aliqua. Praesent elementum facilisis leo vel fringilla est ullamcorper eget. At imperdiet dui accumsan sit amet nulla facilities morbi tempus.">Lorem ipsum dolor sit amet, consectetur adipiscing elit, sed do eiusmod tempor incididunt ut labore et dolore magna aliqua. Praesent elementum facilisis leo vel fringilla est ullamcorper eget. At imperdiet dui accumsan sit amet nulla facilities morbi tempus.</cmis:value>
      </cmis:propertyString>
      <cmis:propertyString propertyDefinitionId="sf:Content">
        <cmis:value sf:lang="en" sf:invariantValue="&lt;p dir=&quot;auto&quot;&gt;Lorem ipsum dolor sit amet, consectetur adipiscing elit, sed do eiusmod tempor incididunt ut labore et dolore magna aliqua. Praesent elementum facilisis leo vel fringilla est ullamcorper eget. At imperdiet dui accumsan sit amet nulla facilities morbi tempus. Praesent elementum facilisis leo vel fringilla. Congue mauris rhoncus aenean vel. Egestas sed tempus urna et pharetra pharetra massa massa ultricies.&lt;/p&gt;&lt;p dir=&quot;auto&quot;&gt;Venenatis cras sed felis eget velit. Consectetur libero id faucibus nisl tincidunt. Gravida in fermentum et sollicitudin ac orci phasellus egestas tellus. Volutpat consequat mauris nunc congue nisi vitae. Id aliquet risus feugiat in ante metus dictum at tempor. Sed blandit libero volutpat sed cras. Sed odio morbi quis commodo odio aenean sed adipiscing. Velit euismod in pellentesque massa placerat. Mi bibendum neque egestas congue quisque egestas diam in arcu. Nisi lacus sed viverra tellus in. Nibh cras pulvinar mattis nunc sed. Luctus accumsan tortor posuere ac ut consequat semper viverra. Fringilla ut morbi tincidunt augue interdum velit euismod.&lt;/p&gt;&lt;h2 dir=&quot;auto&quot;&gt;Lorem Ipsum&lt;/h2&gt;&lt;p dir=&quot;auto&quot;&gt;Tristique senectus et netus et malesuada fames ac turpis. Ridiculous mus mauris vitae ultricies leo integer malesuada nunc vel. In mollis nunc sed id semper. Egestas tellus rutrum tellus pellentesque. Phasellus vestibulum lorem sed risus ultricies tristique nulla. Quis blandit turpis cursus in hac habitasse platea dictumst quisque. Eros donec ac odio tempor orci dapibus ultrices. Aliquam sem et tortor consequat id porta nibh. Adipiscing elit duis tristique sollicitudin nibh sit amet commodo nulla. Diam vulputate ut pharetra sit amet. Ut tellus elementum sagittis vitae et leo. Arcu non odio euismod lacinia at quis risus sed vulputate.&lt;/p&gt;">&lt;p dir="auto"&gt;Lorem ipsum dolor sit amet, consectetur adipiscing elit, sed do eiusmod tempor incididunt ut labore et dolore magna aliqua. Praesent elementum facilisis leo vel fringilla est ullamcorper eget. At imperdiet dui accumsan sit amet nulla facilities morbi tempus. Praesent elementum facilisis leo vel fringilla. Congue mauris rhoncus aenean vel. Egestas sed tempus urna et pharetra pharetra massa massa ultricies.&lt;/p&gt;&lt;p dir="auto"&gt;Venenatis cras sed felis eget velit. Consectetur libero id faucibus nisl tincidunt. Gravida in fermentum et sollicitudin ac orci phasellus egestas tellus. Volutpat consequat mauris nunc congue nisi vitae. Id aliquet risus feugiat in ante metus dictum at tempor. Sed blandit libero volutpat sed cras. Sed odio morbi quis commodo odio aenean sed adipiscing. Velit euismod in pellentesque massa placerat. Mi bibendum neque egestas congue quisque egestas diam in arcu. Nisi lacus sed viverra tellus in. Nibh cras pulvinar mattis nunc sed. Luctus accumsan tortor posuere ac ut consequat semper viverra. Fringilla ut morbi tincidunt augue interdum velit euismod.&lt;/p&gt;&lt;h2 dir="auto"&gt;Lorem Ipsum&lt;/h2&gt;&lt;p dir="auto"&gt;Tristique senectus et netus et malesuada fames ac turpis. Ridiculous mus mauris vitae ultricies leo integer malesuada nunc vel. In mollis nunc sed id semper. Egestas tellus rutrum tellus pellentesque. Phasellus vestibulum lorem sed risus ultricies tristique nulla. Quis blandit turpis cursus in hac habitasse platea dictumst quisque. Eros donec ac odio tempor orci dapibus ultrices. Aliquam sem et tortor consequat id porta nibh. Adipiscing elit duis tristique sollicitudin nibh sit amet commodo nulla. Diam vulputate ut pharetra sit amet. Ut tellus elementum sagittis vitae et leo. Arcu non odio euismod lacinia at quis risus sed vulputate.&lt;/p&gt;</cmis:value>
      </cmis:propertyString>
      <sf:Telerik.Sitefinity.RelatedData.RelatedItems propertyDefinitionId="sf:CoverImage">
        <cmis:value>[{"ApplicationName":null,"Attributes":[],"AvailableForLive":true,"AvailableForMaster":true,"AvailableForTemp":true,"ChildItemAdditionalInfo":null,"ChildItemId":"8c049fa5-d190-420b-a8ed-f5b57f357193","ChildItemProviderName":"","ChildItemType":"Telerik.Sitefinity.Libraries.Model.Image","ComponentPropertyName":"CoverImage","Id":"00000000-0000-0000-0000-000000000000","IsChildDeleted":false,"IsParentDeleted":false,"LastModified":"\/Date(1660308975663)\/","Ordinal":0,"ParentItemAdditionalInfo":null,"ParentItemId":"ab88f491-bed0-4eb6-9a32-969a46bb5322","ParentItemProviderName":"","ParentItemType":"Telerik.Sitefinity.DynamicTypes.Model.Posts.Post"}]</cmis:value>
      </sf:Telerik.Sitefinity.RelatedData.RelatedItems>
      <sf:Telerik.Sitefinity.RelatedData.RelatedItems propertyDefinitionId="sf:AuthorOfPost">
        <cmis:value>[{"ApplicationName":null,"Attributes":[],"AvailableForLive":true,"AvailableForMaster":true,"AvailableForTemp":true,"ChildItemAdditionalInfo":null,"ChildItemId":"5e85f752-4f7a-4267-b276-a11403178283","ChildItemProviderName":"","ChildItemType":"Telerik.Sitefinity.DynamicTypes.Model.Posts.Auhtor","ComponentPropertyName":"AuthorOfPost","Id":"00000000-0000-0000-0000-000000000000","IsChildDeleted":false,"IsParentDeleted":false,"LastModified":"\/Date(1660308975663)\/","Ordinal":0,"ParentItemAdditionalInfo":null,"ParentItemId":"ab88f491-bed0-4eb6-9a32-969a46bb5322","ParentItemProviderName":"","ParentItemType":"Telerik.Sitefinity.DynamicTypes.Model.Posts.Post"}]</cmis:value>
      </sf:Telerik.Sitefinity.RelatedData.RelatedItems>
      <sf:Telerik.Sitefinity.RelatedData.RelatedItems propertyDefinitionId="sf:OpenGraphImage">
        <cmis:value>[{"ApplicationName":null,"Attributes":[],"AvailableForLive":true,"AvailableForMaster":true,"AvailableForTemp":true,"ChildItemAdditionalInfo":null,"ChildItemId":"8c049fa5-d190-420b-a8ed-f5b57f357193","ChildItemProviderName":"","ChildItemType":"Telerik.Sitefinity.Libraries.Model.Image","ComponentPropertyName":"OpenGraphImage","Id":"00000000-0000-0000-0000-000000000000","IsChildDeleted":false,"IsParentDeleted":false,"LastModified":"\/Date(1660308975663)\/","Ordinal":0,"ParentItemAdditionalInfo":null,"ParentItemId":"ab88f491-bed0-4eb6-9a32-969a46bb5322","ParentItemProviderName":"","ParentItemType":"Telerik.Sitefinity.DynamicTypes.Model.Posts.Post"}]</cmis:value>
      </sf:Telerik.Sitefinity.RelatedData.RelatedItems>
      <cmis:propertyString propertyDefinitionId="sf:Title">
        <cmis:value sf:lang="en" sf:invariantValue="Learn How to Pre-render Pages Using Static Generation with Next.js">Learn How to Pre-render Pages Using Static Generation with Next.js</cmis:value>
      </cmis:propertyString>
      <cmis:propertyId propertyDefinitionId="cmis:objectId">
        <cmis:value>31cd1be3-ef8b-4d69-a42b-c7ebb0212505</cmis:value>
      </cmis:propertyId>
      <cmis:propertyString propertyDefinitionId="sf:Author">
        <cmis:value></cmis:value>
      </cmis:propertyString>
      <cmis:propertyString propertyDefinitionId="cmis:objectTypeId">
        <cmis:value>Telerik.Sitefinity.DynamicTypes.Model.Posts.Post</cmis:value>
      </cmis:propertyString>
      <cmis:propertyString propertyDefinitionId="sf:LangId">
        <cmis:value>en</cmis:value>
      </cmis:propertyString>
      <cmis:propertyString propertyDefinitionId="sf:ItemAction">
        <cmis:value>New</cmis:value>
      </cmis:propertyString>
      <cmis:propertyString propertyDefinitionId="sf:ModuleName">
        <cmis:value>Posts</cmis:value>
      </cmis:propertyString>
    </cmis:properties>
  </cmisra:object>
</atom:entry>