﻿<?xml version="1.0" encoding="utf-8"?>
<atom:entry xmlns:app="http://www.w3.org/2007/app" xmlns:atom="http://www.w3.org/2005/Atom" xmlns:cmis="http://docs.oasis-open.org/ns/cmis/core/200908/" xmlns:cmisra="http://docs.oasis-open.org/ns/cmis/restatom/200908/" xmlns:sf="urn:telerik:sitefinity:cmis" xml:base="https://localhost:8081/Sitefinity/CMIS/RestAtom/">
  <cmisra:object>
    <cmis:properties>
      <cmis:propertyString propertyDefinitionId="sf:SystemParentType" />
      <cmis:propertyId propertyDefinitionId="sf:SystemParentId">
        <cmis:value>00000000-0000-0000-0000-000000000000</cmis:value>
      </cmis:propertyId>
      <cmis:propertyBoolean propertyDefinitionId="sf:SystemHasChildItems">
        <cmis:value>False</cmis:value>
      </cmis:propertyBoolean>
      <cmis:propertyBoolean propertyDefinitionId="sf:IncludeInSitemap">
        <cmis:value>True</cmis:value>
      </cmis:propertyBoolean>
      <cmis:propertyString propertyDefinitionId="sf:SystemSourceKey" />
      <cmis:propertyId propertyDefinitionId="sf:Id">
        <cmis:value>1eac5824-2230-4916-b9a1-2a922c801925</cmis:value>
      </cmis:propertyId>
      <cmis:propertyInteger propertyDefinitionId="sf:Status">
        <cmis:value>2</cmis:value>
      </cmis:propertyInteger>
      <cmis:propertyId propertyDefinitionId="sf:OriginalContentId">
        <cmis:value>a1640c1f-9f33-4126-800b-0ceeef07f4c7</cmis:value>
      </cmis:propertyId>
      <cmis:propertyString propertyDefinitionId="sf:UrlName">
        <cmis:value sf:lang="en" sf:invariantValue="joe-haddad">joe-haddad</cmis:value>
      </cmis:propertyString>
      <sf:Telerik.Sitefinity.DynamicModules.Model.DynamicContentUrlData propertyDefinitionId="sf:Urls" sf:collectionType="IEnumerable">
        <cmis:value>&lt;Telerik.Sitefinity.DynamicModules.Model.DynamicContentUrlData&gt;
  &lt;Culture&gt;127&lt;/Culture&gt;
  &lt;Disabled&gt;false&lt;/Disabled&gt;
  &lt;Id&gt;88932b28-6433-413a-8c51-0a82dc4444a6&lt;/Id&gt;
  &lt;IsDefault&gt;true&lt;/IsDefault&gt;
  &lt;LastModified&gt;2022-08-12T12:49:30.03Z&lt;/LastModified&gt;
  &lt;QueryString /&gt;
  &lt;RedirectToDefault&gt;false&lt;/RedirectToDefault&gt;
  &lt;Url&gt;%2fjoe-haddad&lt;/Url&gt;
  &lt;ItemType&gt;Telerik.Sitefinity.DynamicTypes.Model.Posts.Auhtor&lt;/ItemType&gt;
&lt;/Telerik.Sitefinity.DynamicModules.Model.DynamicContentUrlData&gt;</cmis:value>
      </sf:Telerik.Sitefinity.DynamicModules.Model.DynamicContentUrlData>
      <cmis:propertyBoolean propertyDefinitionId="sf:AutoGenerateUniqueUrl">
        <cmis:value>False</cmis:value>
      </cmis:propertyBoolean>
      <cmis:propertyString propertyDefinitionId="sf:ApprovalWorkflowState">
        <cmis:value sf:lang="en" sf:invariantValue="Published">Published</cmis:value>
      </cmis:propertyString>
      <cmis:propertyBoolean propertyDefinitionId="sf:IsViewable">
        <cmis:value>False</cmis:value>
      </cmis:propertyBoolean>
      <cmis:propertyBoolean propertyDefinitionId="sf:IsUnlockable">
        <cmis:value>False</cmis:value>
      </cmis:propertyBoolean>
      <cmis:propertyBoolean propertyDefinitionId="sf:HasLiveVersion">
        <cmis:value>False</cmis:value>
      </cmis:propertyBoolean>
      <sf:Telerik.Sitefinity.RelatedData.RelatedItems propertyDefinitionId="sf:Picture">
        <cmis:value>[{"ApplicationName":null,"Attributes":[],"AvailableForLive":true,"AvailableForMaster":true,"AvailableForTemp":true,"ChildItemAdditionalInfo":null,"ChildItemId":"5cce76fd-a45c-4c33-a5f2-5975658f339d","ChildItemProviderName":"","ChildItemType":"Telerik.Sitefinity.Libraries.Model.Image","ComponentPropertyName":"Picture","Id":"00000000-0000-0000-0000-000000000000","IsChildDeleted":false,"IsParentDeleted":false,"LastModified":"\/Date(1660308975671)\/","Ordinal":0,"ParentItemAdditionalInfo":null,"ParentItemId":"a1640c1f-9f33-4126-800b-0ceeef07f4c7","ParentItemProviderName":"","ParentItemType":"Telerik.Sitefinity.DynamicTypes.Model.Posts.Auhtor"}]</cmis:value>
      </sf:Telerik.Sitefinity.RelatedData.RelatedItems>
      <cmis:propertyString propertyDefinitionId="sf:Title">
        <cmis:value sf:lang="en" sf:invariantValue="Joe Haddad">Joe Haddad</cmis:value>
      </cmis:propertyString>
      <cmis:propertyId propertyDefinitionId="cmis:objectId">
        <cmis:value>1eac5824-2230-4916-b9a1-2a922c801925</cmis:value>
      </cmis:propertyId>
      <cmis:propertyString propertyDefinitionId="sf:Author">
        <cmis:value></cmis:value>
      </cmis:propertyString>
      <cmis:propertyString propertyDefinitionId="cmis:objectTypeId">
        <cmis:value>Telerik.Sitefinity.DynamicTypes.Model.Posts.Auhtor</cmis:value>
      </cmis:propertyString>
      <cmis:propertyString propertyDefinitionId="sf:LangId">
        <cmis:value>en</cmis:value>
      </cmis:propertyString>
      <cmis:propertyString propertyDefinitionId="sf:ItemAction">
        <cmis:value>New</cmis:value>
      </cmis:propertyString>
      <cmis:propertyString propertyDefinitionId="sf:ModuleName">
        <cmis:value>Posts</cmis:value>
      </cmis:propertyString>
    </cmis:properties>
  </cmisra:object>
  <cmisra:object>
    <cmis:properties>
      <cmis:propertyString propertyDefinitionId="sf:SystemParentType" />
      <cmis:propertyId propertyDefinitionId="sf:SystemParentId">
        <cmis:value>00000000-0000-0000-0000-000000000000</cmis:value>
      </cmis:propertyId>
      <cmis:propertyBoolean propertyDefinitionId="sf:SystemHasChildItems">
        <cmis:value>False</cmis:value>
      </cmis:propertyBoolean>
      <cmis:propertyBoolean propertyDefinitionId="sf:IncludeInSitemap">
        <cmis:value>True</cmis:value>
      </cmis:propertyBoolean>
      <cmis:propertyString propertyDefinitionId="sf:SystemSourceKey" />
      <cmis:propertyId propertyDefinitionId="sf:Id">
        <cmis:value>0b4011f0-c7d3-43d1-bc26-3bc62c09f768</cmis:value>
      </cmis:propertyId>
      <cmis:propertyInteger propertyDefinitionId="sf:Status">
        <cmis:value>2</cmis:value>
      </cmis:propertyInteger>
      <cmis:propertyId propertyDefinitionId="sf:OriginalContentId">
        <cmis:value>3373d13b-a191-41ed-ad50-410724c6ab76</cmis:value>
      </cmis:propertyId>
      <cmis:propertyString propertyDefinitionId="sf:UrlName">
        <cmis:value sf:lang="en" sf:invariantValue="jj-kasper">jj-kasper</cmis:value>
      </cmis:propertyString>
      <sf:Telerik.Sitefinity.DynamicModules.Model.DynamicContentUrlData propertyDefinitionId="sf:Urls" sf:collectionType="IEnumerable">
        <cmis:value>&lt;Telerik.Sitefinity.DynamicModules.Model.DynamicContentUrlData&gt;
  &lt;Culture&gt;127&lt;/Culture&gt;
  &lt;Disabled&gt;false&lt;/Disabled&gt;
  &lt;Id&gt;7f26ea7b-0743-4181-ba15-cc880eaa2520&lt;/Id&gt;
  &lt;IsDefault&gt;true&lt;/IsDefault&gt;
  &lt;LastModified&gt;2022-08-12T12:49:30.103Z&lt;/LastModified&gt;
  &lt;QueryString /&gt;
  &lt;RedirectToDefault&gt;false&lt;/RedirectToDefault&gt;
  &lt;Url&gt;%2fjj-kasper&lt;/Url&gt;
  &lt;ItemType&gt;Telerik.Sitefinity.DynamicTypes.Model.Posts.Auhtor&lt;/ItemType&gt;
&lt;/Telerik.Sitefinity.DynamicModules.Model.DynamicContentUrlData&gt;</cmis:value>
      </sf:Telerik.Sitefinity.DynamicModules.Model.DynamicContentUrlData>
      <cmis:propertyBoolean propertyDefinitionId="sf:AutoGenerateUniqueUrl">
        <cmis:value>False</cmis:value>
      </cmis:propertyBoolean>
      <cmis:propertyString propertyDefinitionId="sf:ApprovalWorkflowState">
        <cmis:value sf:lang="en" sf:invariantValue="Published">Published</cmis:value>
      </cmis:propertyString>
      <cmis:propertyBoolean propertyDefinitionId="sf:IsViewable">
        <cmis:value>False</cmis:value>
      </cmis:propertyBoolean>
      <cmis:propertyBoolean propertyDefinitionId="sf:IsUnlockable">
        <cmis:value>False</cmis:value>
      </cmis:propertyBoolean>
      <cmis:propertyBoolean propertyDefinitionId="sf:HasLiveVersion">
        <cmis:value>False</cmis:value>
      </cmis:propertyBoolean>
      <sf:Telerik.Sitefinity.RelatedData.RelatedItems propertyDefinitionId="sf:Picture">
        <cmis:value>[{"ApplicationName":null,"Attributes":[],"AvailableForLive":true,"AvailableForMaster":true,"AvailableForTemp":true,"ChildItemAdditionalInfo":null,"ChildItemId":"34ad1914-3411-4048-b0f3-300fd2fd03e2","ChildItemProviderName":"","ChildItemType":"Telerik.Sitefinity.Libraries.Model.Image","ComponentPropertyName":"Picture","Id":"00000000-0000-0000-0000-000000000000","IsChildDeleted":false,"IsParentDeleted":false,"LastModified":"\/Date(1660308975679)\/","Ordinal":0,"ParentItemAdditionalInfo":null,"ParentItemId":"3373d13b-a191-41ed-ad50-410724c6ab76","ParentItemProviderName":"","ParentItemType":"Telerik.Sitefinity.DynamicTypes.Model.Posts.Auhtor"}]</cmis:value>
      </sf:Telerik.Sitefinity.RelatedData.RelatedItems>
      <cmis:propertyString propertyDefinitionId="sf:Title">
        <cmis:value sf:lang="en" sf:invariantValue="JJ Kasper">JJ Kasper</cmis:value>
      </cmis:propertyString>
      <cmis:propertyId propertyDefinitionId="cmis:objectId">
        <cmis:value>0b4011f0-c7d3-43d1-bc26-3bc62c09f768</cmis:value>
      </cmis:propertyId>
      <cmis:propertyString propertyDefinitionId="sf:Author">
        <cmis:value></cmis:value>
      </cmis:propertyString>
      <cmis:propertyString propertyDefinitionId="cmis:objectTypeId">
        <cmis:value>Telerik.Sitefinity.DynamicTypes.Model.Posts.Auhtor</cmis:value>
      </cmis:propertyString>
      <cmis:propertyString propertyDefinitionId="sf:LangId">
        <cmis:value>en</cmis:value>
      </cmis:propertyString>
      <cmis:propertyString propertyDefinitionId="sf:ItemAction">
        <cmis:value>New</cmis:value>
      </cmis:propertyString>
      <cmis:propertyString propertyDefinitionId="sf:ModuleName">
        <cmis:value>Posts</cmis:value>
      </cmis:propertyString>
    </cmis:properties>
  </cmisra:object>
  <cmisra:object>
    <cmis:properties>
      <cmis:propertyString propertyDefinitionId="sf:SystemParentType" />
      <cmis:propertyId propertyDefinitionId="sf:SystemParentId">
        <cmis:value>00000000-0000-0000-0000-000000000000</cmis:value>
      </cmis:propertyId>
      <cmis:propertyBoolean propertyDefinitionId="sf:SystemHasChildItems">
        <cmis:value>False</cmis:value>
      </cmis:propertyBoolean>
      <cmis:propertyBoolean propertyDefinitionId="sf:IncludeInSitemap">
        <cmis:value>True</cmis:value>
      </cmis:propertyBoolean>
      <cmis:propertyString propertyDefinitionId="sf:SystemSourceKey" />
      <cmis:propertyId propertyDefinitionId="sf:Id">
        <cmis:value>633706dd-ddec-47c7-bca9-c8699ca89e58</cmis:value>
      </cmis:propertyId>
      <cmis:propertyInteger propertyDefinitionId="sf:Status">
        <cmis:value>2</cmis:value>
      </cmis:propertyInteger>
      <cmis:propertyId propertyDefinitionId="sf:OriginalContentId">
        <cmis:value>5e85f752-4f7a-4267-b276-a11403178283</cmis:value>
      </cmis:propertyId>
      <cmis:propertyString propertyDefinitionId="sf:UrlName">
        <cmis:value sf:lang="en" sf:invariantValue="tim-neutkens">tim-neutkens</cmis:value>
      </cmis:propertyString>
      <sf:Telerik.Sitefinity.DynamicModules.Model.DynamicContentUrlData propertyDefinitionId="sf:Urls" sf:collectionType="IEnumerable">
        <cmis:value>&lt;Telerik.Sitefinity.DynamicModules.Model.DynamicContentUrlData&gt;
  &lt;Culture&gt;127&lt;/Culture&gt;
  &lt;Disabled&gt;false&lt;/Disabled&gt;
  &lt;Id&gt;5c9f7aa3-c410-4f4c-b23a-6e9ccb4d5f81&lt;/Id&gt;
  &lt;IsDefault&gt;true&lt;/IsDefault&gt;
  &lt;LastModified&gt;2022-08-12T12:49:30.147Z&lt;/LastModified&gt;
  &lt;QueryString /&gt;
  &lt;RedirectToDefault&gt;false&lt;/RedirectToDefault&gt;
  &lt;Url&gt;%2ftim-neutkens&lt;/Url&gt;
  &lt;ItemType&gt;Telerik.Sitefinity.DynamicTypes.Model.Posts.Auhtor&lt;/ItemType&gt;
&lt;/Telerik.Sitefinity.DynamicModules.Model.DynamicContentUrlData&gt;</cmis:value>
      </sf:Telerik.Sitefinity.DynamicModules.Model.DynamicContentUrlData>
      <cmis:propertyBoolean propertyDefinitionId="sf:AutoGenerateUniqueUrl">
        <cmis:value>False</cmis:value>
      </cmis:propertyBoolean>
      <cmis:propertyString propertyDefinitionId="sf:ApprovalWorkflowState">
        <cmis:value sf:lang="en" sf:invariantValue="Published">Published</cmis:value>
      </cmis:propertyString>
      <cmis:propertyBoolean propertyDefinitionId="sf:IsViewable">
        <cmis:value>False</cmis:value>
      </cmis:propertyBoolean>
      <cmis:propertyBoolean propertyDefinitionId="sf:IsUnlockable">
        <cmis:value>False</cmis:value>
      </cmis:propertyBoolean>
      <cmis:propertyBoolean propertyDefinitionId="sf:HasLiveVersion">
        <cmis:value>False</cmis:value>
      </cmis:propertyBoolean>
      <sf:Telerik.Sitefinity.RelatedData.RelatedItems propertyDefinitionId="sf:Picture">
        <cmis:value>[{"ApplicationName":null,"Attributes":[],"AvailableForLive":true,"AvailableForMaster":true,"AvailableForTemp":true,"ChildItemAdditionalInfo":null,"ChildItemId":"28db8117-a6c9-4473-bbfb-4162cbdbb13d","ChildItemProviderName":"","ChildItemType":"Telerik.Sitefinity.Libraries.Model.Image","ComponentPropertyName":"Picture","Id":"00000000-0000-0000-0000-000000000000","IsChildDeleted":false,"IsParentDeleted":false,"LastModified":"\/Date(1660308975679)\/","Ordinal":0,"ParentItemAdditionalInfo":null,"ParentItemId":"5e85f752-4f7a-4267-b276-a11403178283","ParentItemProviderName":"","ParentItemType":"Telerik.Sitefinity.DynamicTypes.Model.Posts.Auhtor"}]</cmis:value>
      </sf:Telerik.Sitefinity.RelatedData.RelatedItems>
      <cmis:propertyString propertyDefinitionId="sf:Title">
        <cmis:value sf:lang="en" sf:invariantValue="Tim Neutkens">Tim Neutkens</cmis:value>
      </cmis:propertyString>
      <cmis:propertyId propertyDefinitionId="cmis:objectId">
        <cmis:value>633706dd-ddec-47c7-bca9-c8699ca89e58</cmis:value>
      </cmis:propertyId>
      <cmis:propertyString propertyDefinitionId="sf:Author">
        <cmis:value></cmis:value>
      </cmis:propertyString>
      <cmis:propertyString propertyDefinitionId="cmis:objectTypeId">
        <cmis:value>Telerik.Sitefinity.DynamicTypes.Model.Posts.Auhtor</cmis:value>
      </cmis:propertyString>
      <cmis:propertyString propertyDefinitionId="sf:LangId">
        <cmis:value>en</cmis:value>
      </cmis:propertyString>
      <cmis:propertyString propertyDefinitionId="sf:ItemAction">
        <cmis:value>New</cmis:value>
      </cmis:propertyString>
      <cmis:propertyString propertyDefinitionId="sf:ModuleName">
        <cmis:value>Posts</cmis:value>
      </cmis:propertyString>
    </cmis:properties>
  </cmisra:object>
</atom:entry>